Age,Income,Family,CCAvg,Education,Mortgage,Personal Loan,Securities Account,CD Account,Online,CreditCard,DBSCAN_Cluster
59,64,4,1.7,2,0,0,0,0,0,1,0
27,25,4,0.3,2,0,0,0,0,1,1,0
44,68,4,2.9,1,0,0,1,0,0,0,0
60,65,4,1.7,2,0,0,1,0,1,0,0
32,74,4,0.1,2,257,0,0,0,0,1,0
27,68,4,0.0,1,0,0,0,0,0,1,0
44,71,4,2.0,3,0,0,0,0,0,1,0
54,24,4,0.2,1,0,0,1,0,0,0,0
37,33,4,0.4,2,0,0,0,0,0,0,0
49,29,4,1.8,1,0,0,0,0,1,1,0
61,39,4,0.4,1,0,0,0,0,1,1,0
61,40,4,2.2,1,0,0,1,1,1,1,0
44,30,4,0.3,1,0,0,0,0,0,1,0
59,75,4,2.3,3,0,0,1,0,0,0,0
32,13,4,0.3,1,0,0,0,0,1,1,0
45,55,4,1.9,3,164,0,1,0,0,0,0
60,55,4,2.5,2,0,0,0,0,1,0,0
59,74,4,0.7,1,0,0,0,0,1,1,0
27,72,4,0.0,1,0,0,0,0,1,0,0
55,65,4,2.0,3,0,0,0,0,1,0,0
25,13,4,1.0,1,95,0,0,0,0,1,0
24,60,4,1.6,1,0,0,0,0,1,0,0
61,59,4,1.7,1,148,0,0,0,0,0,0
36,78,4,1.8,3,163,0,0,0,0,0,0
23,61,4,2.6,1,239,0,0,0,1,0,0
37,73,4,1.8,3,0,0,0,0,1,1,0
50,23,4,0.2,1,0,0,0,0,0,1,0
52,22,4,0.4,3,0,0,0,0,1,1,0
48,62,4,3.6,3,83,0,0,0,0,1,0
55,19,4,0.7,3,121,0,1,0,0,1,0
54,25,4,0.1,3,109,0,0,0,0,0,0
59,38,4,1.7,1,0,0,0,0,0,1,0
63,105,4,1.7,3,244,0,0,0,0,1,0
44,81,4,0.8,1,228,0,0,0,0,1,0
62,83,4,2.4,3,0,0,1,0,0,0,0
59,59,4,1.2,2,0,0,0,0,1,0,0
50,29,4,0.1,1,0,0,0,0,0,0,0
38,29,4,0.2,1,0,0,0,0,0,1,0
36,23,4,0.2,3,0,0,0,0,1,0,0
24,41,4,1.0,3,0,0,0,0,1,0,0
43,83,4,2.0,3,0,0,0,0,1,0,0
35,38,4,1.0,2,124,0,0,0,1,0,0
44,68,4,2.9,1,0,0,1,0,0,1,0
35,79,4,2.1,3,182,0,0,0,1,0,0
50,21,4,1.0,1,0,0,0,0,1,0,0
46,71,4,1.9,3,0,0,0,0,0,0,0
32,42,4,0.8,1,0,0,0,0,1,1,0
26,99,4,2.3,3,0,0,0,0,0,1,0
35,41,4,1.2,2,0,0,0,0,1,0,0
34,70,4,1.3,1,0,0,1,0,0,0,0
57,13,4,0.9,2,78,0,1,0,1,0,0
32,73,4,2.2,2,0,0,0,0,0,0,0
41,93,4,0.8,1,218,0,0,0,0,0,0
59,74,4,2.3,3,0,0,0,0,0,0,0
38,91,4,1.4,2,100,0,0,0,0,1,0
36,45,4,0.2,1,0,0,0,0,0,1,0
46,64,4,2.9,1,189,0,0,0,0,0,0
43,88,4,1.1,2,0,0,0,0,1,0,0
58,12,4,0.7,3,0,0,0,0,1,0,0
54,62,4,0.7,1,0,0,0,0,0,1,0
65,82,4,2.4,3,252,0,0,0,1,0,0
57,52,4,2.5,1,0,0,0,0,0,1,0
56,64,4,1.5,1,0,0,0,0,1,0,0
47,71,4,2.9,1,0,0,0,0,1,0,0
57,21,4,0.9,2,113,0,1,0,0,0,0
35,9,4,0.7,2,0,0,0,0,1,0,0
57,50,4,2.1,1,211,0,0,0,0,0,0
28,51,4,1.8,2,0,0,1,0,0,0,0
58,70,4,0.7,1,0,0,1,0,0,0,0
44,70,4,1.9,1,0,0,0,0,1,0,0
38,61,4,0.2,3,0,0,0,0,1,0,0
35,79,4,2.1,3,0,0,1,0,1,0,0
29,39,4,2.1,3,0,0,0,0,1,0,0
50,11,4,0.6,3,0,0,0,0,0,1,0
54,48,4,2.8,2,0,0,0,0,1,0,0
27,44,4,0.6,2,0,0,1,1,1,0,0
62,21,4,0.4,2,137,0,0,0,1,1,0
61,49,4,1.66666666666666,3,0,0,0,0,1,0,0
36,25,4,1.0,1,147,0,0,0,0,0,0
52,35,4,0.2,2,0,0,0,0,1,0,0
66,14,4,0.6,2,0,0,0,0,0,0,0
32,54,4,1.3,1,0,0,1,0,1,0,0
56,44,4,0.7,2,174,0,0,0,1,0,0
61,50,4,1.3,2,0,0,0,0,0,1,0
64,53,4,1.66666666666666,3,0,0,0,0,0,1,0
34,21,4,0.7,2,0,0,0,0,1,0,0
57,63,4,0.7,1,0,0,0,0,1,0,0
35,74,4,1.3,1,0,0,0,0,1,0,0
27,110,4,1.8,3,190,0,0,0,1,0,0
34,32,4,1.1,3,0,0,0,0,1,0,0
39,54,4,2.2,2,0,0,0,0,0,1,0
27,40,4,1.0,3,0,0,0,0,0,0,0
23,12,4,1.0,1,90,0,0,0,1,0,0
58,41,4,0.4,1,177,0,0,0,1,0,0
30,14,4,0.5,3,0,0,0,0,1,0,0
50,38,4,0.9,2,0,0,0,0,1,0,0
38,58,4,2.0,3,153,0,1,0,0,0,0
55,65,4,2.8,2,0,0,0,0,1,0,0
45,85,4,1.1,2,0,0,1,0,1,0,0
54,58,4,1.3,3,0,0,0,0,0,0,0
36,18,4,1.0,1,0,0,0,0,1,1,0
23,45,4,0.6,2,0,0,0,0,1,1,0
35,61,4,2.1,3,0,0,0,0,1,0,0
43,69,4,2.9,1,0,0,0,0,1,1,0
42,72,4,1.1,2,203,0,0,0,0,1,0
36,31,4,1.0,2,0,0,1,0,1,0,0
37,78,4,0.1,2,0,0,0,0,1,0,0
32,28,4,1.1,3,0,0,0,0,0,0,0
27,78,4,0.2,1,87,0,0,0,0,0,0
53,65,4,2.8,2,0,0,0,0,0,1,0
65,105,4,2.4,3,0,0,0,0,0,0,0
34,39,4,0.2,1,115,0,0,0,1,0,0
30,60,4,2.2,2,0,0,0,0,1,0,0
27,64,4,1.8,2,0,0,0,0,1,1,0
43,84,4,2.6,3,289,0,1,1,1,1,0
34,84,4,2.2,2,323,0,0,0,1,0,0
52,43,4,0.2,2,0,0,0,0,1,0,0
34,25,4,1.0,1,0,0,0,0,1,0,0
35,58,4,0.7,3,232,0,0,0,0,0,0
61,90,4,1.9,2,0,0,0,0,1,0,0
52,62,4,2.8,2,0,0,0,0,1,0,0
25,35,4,1.0,3,0,0,0,0,1,0,0
33,31,4,1.0,1,0,0,0,0,1,1,0
40,43,4,1.7,1,98,0,0,0,0,0,0
33,25,4,1.0,1,0,0,0,0,1,1,0
60,63,4,2.2,1,0,0,0,0,1,0,0
54,79,4,1.6,2,0,0,0,0,1,0,0
29,9,4,0.5,3,86,0,0,0,1,1,0
36,31,4,1.7,1,124,0,0,0,1,1,0
45,89,4,1.9,3,0,0,0,0,1,0,0
55,28,4,0.1,3,149,0,0,0,1,1,0
29,49,4,2.1,3,0,0,0,0,0,0,0
57,80,4,1.6,2,0,0,0,0,0,0,0
23,12,4,1.0,1,0,0,1,0,0,1,0
63,41,4,1.66666666666666,3,0,0,0,0,1,0,0
23,73,4,2.6,1,0,0,0,0,1,0,0
37,59,4,0.2,3,0,0,0,0,0,0,0
43,94,4,1.1,2,0,0,0,0,1,0,0
47,30,4,0.4,2,115,0,0,0,1,1,0
30,74,4,2.2,1,0,0,1,0,0,1,0
54,25,4,0.4,3,115,0,0,0,0,0,0
49,50,4,1.8,3,0,0,1,0,0,0,0
44,83,4,0.4,1,141,0,0,0,0,0,0
31,72,4,1.8,2,242,0,0,0,1,1,0
56,31,4,1.5,3,0,0,0,0,1,0,0
52,44,4,0.9,2,107,0,0,0,1,0,0
31,44,4,0.8,1,0,0,0,0,0,0,0
52,25,4,1.0,1,0,0,0,0,0,0,0
25,74,4,2.6,1,204,0,0,0,0,0,0
51,34,4,0.4,2,0,0,0,0,0,0,0
33,48,4,2.2,2,207,0,0,0,0,0,0
38,45,4,1.2,2,138,0,0,0,1,0,0
53,20,4,0.4,3,0,0,0,0,1,1,0
58,49,4,2.5,2,0,0,0,0,1,0,0
30,45,4,1.3,3,0,0,0,0,0,0,0
41,42,4,2.2,2,185,0,1,0,1,0,0
34,40,4,2.0,2,0,0,0,0,1,1,0
63,52,4,1.66666666666666,3,0,0,0,0,0,0,0
42,50,4,2.2,2,0,0,0,0,0,0,0
27,112,4,2.3,3,402,0,0,0,1,1,0
37,29,4,0.4,2,155,0,0,0,1,0,0
33,78,4,2.0,2,0,0,0,0,0,0,0
25,62,4,0.0,1,229,0,0,0,1,0,0
35,23,4,0.3,1,0,0,0,0,0,0,0
58,63,4,1.6,2,0,0,0,0,0,0,0
30,20,4,0.5,3,117,0,0,0,0,0,0
37,63,4,2.1,3,0,0,0,0,1,0,0
40,83,4,2.66666666666666,1,0,0,0,0,1,1,0
35,85,4,0.1,2,131,0,0,0,0,0,0
25,101,4,2.3,3,256,0,0,0,0,1,0
40,74,4,1.4,2,0,0,0,0,1,0,0
29,34,4,0.4,2,0,0,0,0,1,0,0
26,61,4,2.2,1,119,0,0,0,0,0,0
30,40,4,0.8,1,0,0,0,0,1,0,0
44,74,4,1.9,3,0,0,0,0,0,0,0
31,10,4,0.7,2,0,0,0,0,1,0,0
67,105,4,1.7,2,0,0,0,0,1,0,0
34,52,4,2.2,2,0,0,0,0,0,0,0
53,18,4,0.8,1,0,0,0,0,0,0,0
37,84,4,0.7,3,0,0,0,0,1,0,0
36,39,4,1.7,1,0,0,0,0,1,0,0
34,99,4,2.2,2,155,0,0,0,1,0,0
58,60,4,1.3,3,0,0,0,0,1,0,0
54,34,4,0.1,3,0,0,0,0,1,0,0
28,28,4,0.8,1,0,0,0,0,1,0,0
44,33,4,0.3,1,142,0,0,0,0,1,0
62,58,4,1.7,1,0,0,0,0,1,0,0
60,38,4,1.3,1,0,0,0,0,1,0,0
60,52,4,1.7,2,0,0,1,0,1,0,0
39,78,4,2.4,1,118,0,0,0,1,0,0
57,65,4,2.6,3,0,0,0,0,0,1,0
63,45,4,1.3,2,86,0,0,0,0,0,0
34,13,4,1.0,1,95,0,1,0,1,0,0
42,54,4,2.2,2,0,0,0,0,0,0,0
46,40,4,1.9,3,122,0,0,0,1,0,0
37,24,4,1.0,1,0,0,0,0,0,0,0
40,64,4,0.2,3,0,0,0,0,1,1,0
36,62,4,0.1,2,145,0,0,0,0,0,0
56,31,4,1.3,1,0,0,0,0,0,0,0
48,18,4,0.2,1,0,0,0,0,1,1,0
40,78,4,1.4,2,194,0,0,0,1,1,0
59,23,4,0.4,2,78,0,0,0,0,0,0
46,89,4,1.4,2,0,0,0,0,1,0,0
43,94,4,1.1,2,0,0,0,0,0,0,0
25,101,4,2.1,3,0,0,0,0,0,1,0
60,49,4,2.2,1,204,0,1,0,1,0,0
38,70,4,2.0,3,0,0,0,0,1,0,0
40,53,4,2.0,3,0,0,0,0,0,0,0
43,32,4,0.3,1,0,0,0,0,0,0,0
62,52,4,1.3,2,0,0,0,0,1,1,0
25,70,4,2.6,1,0,0,1,0,1,0,0
34,11,4,0.3,1,0,0,1,1,1,1,0
35,24,4,0.3,1,0,0,0,0,1,0,0
50,24,4,0.4,2,137,0,0,0,1,0,0
48,35,4,0.4,2,118,0,0,0,0,0,0
30,41,4,1.7,2,0,0,0,0,1,0,0
53,50,4,0.1,3,152,0,0,0,1,0,0
62,99,4,1.7,2,0,0,0,0,0,0,0
50,45,4,0.1,1,93,0,0,0,1,0,0
38,41,4,1.7,1,0,0,0,0,1,0,0
25,13,4,0.4,1,0,0,1,0,0,0,0
35,93,4,1.8,3,0,0,0,0,0,1,0
53,64,4,2.6,1,0,0,0,0,1,1,0
59,89,4,1.9,2,0,0,0,0,1,1,0
59,91,4,1.9,2,329,0,0,0,0,0,0
50,19,4,0.4,3,0,0,0,0,0,0,0
37,73,4,2.4,1,0,0,0,0,0,0,0
50,38,4,0.1,1,0,0,0,0,1,0,0
38,43,4,1.2,2,0,0,0,0,0,1,0
46,80,4,0.4,1,0,0,0,0,1,1,0
43,75,4,0.2,3,102,0,0,0,1,0,0
61,68,4,2.3,3,0,0,0,0,0,0,0
41,38,4,2.2,2,180,0,0,0,0,1,0
47,29,4,0.6,1,0,0,0,0,1,0,0
56,54,4,2.1,1,0,0,0,0,1,0,0
48,24,4,0.2,1,0,0,0,0,1,0,0
29,41,4,0.2,1,0,0,0,0,1,0,0
36,29,4,1.0,1,0,0,0,0,1,1,0
31,28,4,0.8,1,0,0,0,0,0,0,0
32,51,4,0.2,1,154,0,1,0,0,1,0
63,40,4,1.2,2,0,0,0,0,1,0,0
52,78,4,3.6,3,141,0,0,0,1,0,0
38,82,4,2.66666666666666,1,0,0,0,0,0,0,0
44,35,4,0.0,2,0,0,0,0,1,0,0
25,44,4,0.6,2,0,0,0,0,0,1,0
47,68,4,2.6,3,0,0,0,0,0,0,0
47,34,4,0.6,1,0,0,0,1,1,1,0
49,35,4,0.2,2,0,0,0,0,0,1,0
28,54,4,0.6,2,0,0,0,0,1,0,0
62,100,4,1.7,2,0,0,0,0,1,0,0
58,25,4,0.9,2,90,0,0,0,1,1,0
51,12,4,1.0,1,0,0,0,0,1,0,0
53,38,4,2.8,2,144,0,1,0,1,0,0
50,22,4,0.5,2,112,0,0,0,1,0,0
57,39,4,0.9,1,147,0,0,0,0,0,0
34,41,4,0.8,1,0,0,0,0,0,0,0
36,14,4,0.2,3,100,0,0,0,1,1,0
34,31,4,1.1,3,85,0,1,1,1,1,0
30,98,4,1.8,3,129,0,1,1,1,1,0
50,83,4,3.6,3,188,0,0,0,1,0,0
58,53,4,2.1,1,0,0,0,0,1,0,0
55,73,4,1.6,2,0,0,0,0,0,0,0
44,69,4,0.4,1,0,0,0,0,0,0,0
52,38,4,0.9,2,0,0,0,0,0,1,0
56,89,4,1.0,2,90,0,1,0,1,0,0
26,72,4,2.6,1,0,0,0,0,1,0,0
37,84,4,2.2,2,0,0,0,0,1,1,0
54,78,4,1.6,2,0,0,0,0,1,1,0
29,45,4,0.2,1,158,0,0,0,1,1,0
59,33,4,0.4,1,131,0,0,0,0,1,0
33,10,4,1.0,1,81,0,0,0,0,1,0
53,94,4,1.0,2,0,0,0,0,1,0,0
51,45,4,0.1,1,0,0,0,0,1,1,0
42,54,4,1.9,3,164,0,0,0,0,0,0
30,80,4,1.8,2,0,0,0,0,0,0,0
59,8,4,0.7,1,91,0,1,0,0,0,0
46,25,4,0.6,3,125,0,0,0,0,0,0
63,49,4,1.2,2,109,0,1,1,1,1,0
54,45,4,0.9,2,0,0,0,0,0,1,0
49,30,4,0.4,2,157,0,0,1,1,1,0
26,44,4,1.3,3,0,0,1,0,0,0,0
35,23,4,0.2,3,0,0,0,0,1,0,0
52,21,4,0.5,2,0,0,0,0,1,0,0
55,50,4,1.5,1,0,0,0,0,1,0,0
33,64,4,2.1,3,164,0,0,0,1,0,0
54,48,4,1.8,3,0,0,0,0,1,0,0
41,83,4,2.66666666666666,1,0,0,0,0,1,1,0
46,91,4,2.6,3,0,0,0,0,0,0,0
63,84,4,1.9,2,0,0,0,0,1,0,0
33,43,4,0.8,1,0,0,0,0,0,0,0
28,48,4,2.1,3,0,0,0,0,1,1,0
59,73,4,2.3,3,0,0,0,0,0,0,0
57,39,4,0.9,1,0,0,0,0,1,1,0
53,55,4,1.1,2,0,0,0,0,1,0,0
34,84,4,0.1,2,0,0,0,0,1,0,0
51,12,4,0.5,2,78,0,1,0,1,0,0
38,43,4,0.2,1,0,0,0,0,0,0,0
58,48,4,1.3,2,0,0,0,0,1,1,0
55,58,4,2.0,3,219,0,0,0,0,1,0
49,64,4,2.6,1,0,0,0,0,1,1,0
50,52,4,0.1,3,0,0,0,0,0,0,0
54,34,4,0.1,3,0,0,0,0,1,1,0
54,52,4,2.5,1,0,0,0,0,1,0,0
42,81,4,2.4,1,0,0,0,0,0,0,0
51,12,4,1.0,1,0,0,1,0,1,0,0
58,50,4,2.1,1,0,0,0,0,0,1,0
28,84,4,0.2,1,0,0,0,0,1,1,0
34,65,4,1.3,1,0,0,0,0,0,1,0
53,58,4,2.0,3,0,0,0,0,1,1,0
64,13,4,0.6,2,0,0,0,0,1,0,0
52,81,4,3.8,2,0,0,0,0,0,0,0
43,84,4,0.2,3,297,0,0,0,1,0,0
36,42,4,1.2,2,0,0,0,0,1,1,0
26,14,4,0.4,1,94,0,0,0,1,0,0
28,101,4,2.1,3,0,0,0,0,1,0,0
46,42,4,1.9,3,0,0,0,0,1,0,0
30,61,4,2.0,2,0,0,0,0,1,0,0
63,9,4,0.6,2,100,0,0,0,1,1,0
31,8,4,0.7,2,0,0,0,0,0,0,0
39,88,4,1.4,2,0,0,0,0,1,1,0
62,53,4,1.66666666666666,3,142,0,0,0,0,0,0
33,54,4,0.2,1,141,0,1,0,0,0,0
26,55,4,1.7,2,175,0,0,0,1,0,0
48,9,4,0.5,2,0,0,0,0,0,1,0
37,79,4,0.1,2,280,0,0,0,1,0,0
38,80,4,0.7,3,285,0,0,0,1,0,0
46,74,4,2.6,3,104,0,0,0,1,0,0
57,19,4,0.9,2,0,0,0,0,1,0,0
53,39,4,1.5,3,0,0,0,0,1,0,0
31,55,4,2.0,2,185,0,0,0,1,0,0
28,114,4,2.1,3,0,0,0,0,1,0,0
25,70,4,2.6,1,218,0,0,0,1,0,0
23,13,4,1.0,1,84,0,0,0,1,0,0
31,40,4,1.3,3,170,0,0,0,0,0,0
48,14,4,1.0,1,0,0,0,0,1,0,0
30,51,4,0.2,1,172,0,0,0,0,1,0
35,69,4,2.2,2,0,0,0,0,0,1,0
44,49,4,1.9,3,89,0,0,0,1,0,0
26,50,4,0.6,2,0,0,0,0,0,0,0
55,78,4,2.6,3,0,0,0,0,0,1,0
40,59,4,2.66666666666666,1,0,0,0,0,1,0,0
57,38,4,0.7,2,0,0,0,0,1,0,0
54,82,4,2.6,3,294,0,0,0,0,0,0
55,58,4,0.9,1,0,0,0,0,1,1,0
37,94,4,1.8,3,232,0,0,0,1,0,0
32,55,4,2.0,2,0,0,0,0,1,0,0
51,29,4,0.1,1,0,0,0,0,1,1,0
34,102,4,2.2,2,0,0,0,0,1,0,0
52,35,4,1.8,1,0,0,0,0,1,0,0
28,29,4,0.8,1,135,0,0,0,1,0,0
44,85,4,1.9,3,0,0,0,0,1,1,0
40,83,4,0.2,3,0,0,0,0,0,0,0
63,79,4,1.7,2,0,0,0,0,1,1,0
31,39,4,2.2,2,0,0,0,0,1,1,0
30,54,4,1.8,3,235,0,0,0,1,0,0
40,85,4,0.2,3,0,0,0,0,1,1,0
54,30,4,0.7,2,0,0,0,0,1,0,0
41,85,4,0.2,3,229,0,0,0,0,0,0
40,75,4,1.1,2,0,0,0,0,1,0,0
49,79,4,3.6,3,212,0,0,0,1,0,0
39,62,4,2.4,1,86,0,0,0,0,0,0
60,39,4,1.3,2,140,0,0,0,1,0,0
30,78,4,2.2,2,236,0,1,0,0,0,0
46,53,4,1.9,3,0,0,0,0,0,0,0
46,72,4,1.4,2,149,0,0,0,1,1,0
33,78,4,2.0,2,0,0,1,0,1,0,0
32,22,4,0.3,1,0,0,0,0,0,0,0
28,45,4,1.7,2,95,0,0,0,0,0,0
58,19,4,0.7,3,0,0,0,0,0,0,0
29,31,4,0.4,2,161,0,0,0,1,1,0
35,30,4,1.0,1,163,0,0,0,1,0,0
55,23,4,0.4,3,88,0,0,0,0,0,0
32,13,4,0.3,1,0,0,1,1,1,1,0
57,24,4,0.7,1,0,0,0,0,1,0,0
58,73,4,0.7,1,241,0,0,0,0,0,0
54,78,4,1.0,2,0,0,0,0,1,0,0
46,74,4,2.6,3,0,0,0,0,1,0,0
51,42,4,0.1,3,0,0,0,0,0,0,0
28,34,4,1.3,3,0,0,0,0,0,0,0
51,15,4,0.6,3,0,0,0,0,0,1,0
36,8,4,0.2,3,81,0,0,0,0,1,0
48,43,4,1.9,3,0,0,0,0,1,0,0
48,21,4,0.6,1,0,0,0,0,1,1,0
28,51,4,1.8,3,0,0,0,0,0,1,0
34,35,4,0.8,1,137,0,0,1,1,1,0
27,40,4,1.0,3,0,0,0,0,1,0,0
65,105,4,1.7,2,230,0,1,0,1,0,0
47,22,4,0.6,1,0,0,0,0,1,1,0
31,20,4,1.5,2,0,0,0,0,1,0,0
56,64,4,0.9,1,0,0,0,0,1,0,0
59,52,4,1.5,1,0,0,0,0,1,1,0
43,28,4,0.3,1,96,0,0,0,1,0,0
25,49,4,1.6,1,0,0,1,0,0,0,0
43,74,4,1.9,1,0,0,0,0,0,1,0
29,108,4,1.8,2,0,0,0,0,0,0,0
40,69,4,2.4,1,0,0,0,0,1,0,0
54,60,4,3.8,2,0,0,0,0,1,1,0
32,22,4,0.7,2,0,0,0,0,1,1,0
29,14,4,0.5,3,0,0,0,0,0,1,0
51,21,4,0.8,1,0,0,0,0,1,0,0
49,91,4,1.4,2,0,0,0,0,1,0,0
44,81,4,2.0,3,277,0,0,0,1,0,0
56,82,4,1.3,3,0,0,0,0,1,0,0
61,54,4,1.2,2,129,0,0,0,1,1,0
40,58,4,0.2,3,0,0,0,0,1,0,0
31,54,4,2.2,2,0,0,0,0,0,0,0
55,13,4,0.7,1,0,0,0,0,1,0,0
27,28,4,1.5,2,0,0,0,0,1,0,0
30,40,4,2.0,2,0,0,0,0,1,0,0
32,30,4,0.4,2,78,0,0,0,1,0,0
52,62,4,1.8,3,82,0,0,0,0,0,0
49,33,3,1.7,2,0,0,0,0,1,0,1
45,61,3,2.7,2,0,0,0,0,0,1,1
37,62,3,0.7,2,0,0,0,0,0,1,1
26,104,3,2.5,1,0,0,0,0,0,0,1
45,22,3,1.5,1,0,0,0,0,1,1,1
61,51,3,1.5,1,0,0,0,0,0,1,1
34,22,3,0.9,3,0,0,0,0,1,0,1
45,38,3,0.6,2,148,0,0,0,1,0,1
41,65,3,0.5,3,0,0,0,0,0,0,1
39,32,3,2.0,3,116,0,0,0,1,0,1
56,61,3,2.5,1,193,0,0,0,1,0,1
45,33,3,0.5,1,136,0,0,1,1,1,1
43,71,3,0.3,3,0,0,0,0,0,1,1
56,60,3,1.7,1,0,0,0,0,1,0,1
54,29,3,1.0,3,148,0,0,0,0,1,1
37,22,3,0.1,2,0,0,0,0,1,1,1
28,33,3,1.0,2,0,0,0,0,0,1,1
61,40,3,0.5,2,100,0,1,0,0,0,1
54,68,3,1.6,3,0,0,0,0,1,1,1
52,41,3,1.0,2,0,0,0,0,1,0,1
58,22,3,0.2,1,0,0,0,0,1,0,1
26,55,3,2.6,3,113,0,0,0,0,1,1
24,88,3,0.8,1,134,0,0,0,0,0,1
26,75,3,0.3,3,0,0,0,0,0,0,1
32,61,3,2.3,1,205,0,0,0,1,1,1
39,74,3,0.9,2,155,0,0,0,1,0,1
55,81,3,1.7,2,171,0,0,0,1,0,1
54,51,3,1.0,2,113,0,1,1,1,1,1
37,11,3,0.1,2,0,0,0,0,0,0,1
29,85,3,2.5,1,0,0,0,0,1,1,1
37,63,3,2.3,1,0,0,0,0,1,0,1
63,110,3,1.8,2,109,0,0,0,1,0,1
36,70,3,2.6,2,165,0,0,0,1,0,1
44,48,3,0.8,3,0,0,0,0,0,1,1
27,112,3,2.5,1,389,0,1,0,1,0,1
42,32,3,0.5,2,0,0,0,0,0,1,1
62,32,3,0.2,1,0,0,1,0,0,1,1
58,44,3,2.2,3,0,0,0,0,0,0,1
35,58,3,2.0,1,149,0,0,0,1,1,1
39,43,3,0.7,2,153,0,0,0,1,0,1
52,38,3,0.9,3,0,0,0,0,1,0,1
33,20,3,1.3,1,83,0,0,0,0,1,1
57,39,3,1.0,3,0,0,1,0,0,1,1
42,14,3,1.0,2,0,0,1,0,0,0,1
42,34,3,1.0,2,0,0,1,0,1,0,1
31,85,3,1.6,1,157,0,0,0,1,1,1
47,13,3,0.666666666666666,2,0,0,0,0,1,0,1
52,80,3,0.8,1,0,0,0,0,0,0,1
62,33,3,0.1,3,0,0,0,0,1,0,1
60,32,3,0.4,2,165,0,0,0,1,0,1
34,28,3,0.9,1,0,0,0,0,0,0,1
36,64,3,2.8,1,205,0,0,0,0,1,1
43,65,3,2.66666666666666,2,100,0,0,0,0,0,1
64,20,3,0.1,3,0,0,0,0,0,0,1
50,42,3,1.7,2,0,0,0,0,1,0,1
36,98,3,1.2,3,0,0,1,0,0,1,1
55,42,3,1.0,3,0,0,0,0,1,0,1
66,73,3,2.4,1,0,0,0,0,0,0,1
48,42,3,2.2,2,0,0,0,0,0,0,1
66,70,3,2.2,1,0,0,0,0,0,0,1
65,78,3,2.0,3,0,0,0,1,1,1,1
61,61,3,2.0,3,0,0,0,0,1,0,1
59,64,3,0.3,2,0,0,0,0,0,0,1
28,101,3,2.5,1,270,0,0,0,0,0,1
62,30,3,0.7,2,0,0,0,0,1,0,1
58,110,3,1.7,2,0,0,0,0,0,0,1
27,84,3,1.5,1,0,0,0,0,1,1,1
57,70,3,1.6,3,0,0,0,0,0,0,1
57,30,3,1.4,1,0,0,0,0,0,0,1
65,45,3,0.1,3,0,0,0,0,1,0,1
42,108,3,1.0,1,383,0,0,0,1,0,1
25,40,3,2.4,2,0,0,0,0,1,0,1
39,29,3,2.0,3,151,0,1,0,0,0,1
60,38,3,0.5,2,0,0,0,0,1,1,1
42,39,3,2.0,3,0,0,1,1,1,1,1
54,102,3,1.7,2,0,0,0,0,1,0,1
27,74,3,0.3,3,0,0,0,0,1,0,1
61,20,3,0.4,2,94,0,0,0,0,0,1
51,33,3,0.9,3,0,0,0,0,1,1,1
42,49,3,2.1,3,0,0,1,0,1,0,1
44,25,3,1.0,2,0,0,0,0,0,1,1
43,70,3,2.33333333333333,1,0,0,1,0,0,0,1
43,49,3,2.2,2,103,0,0,0,1,1,1
65,75,3,2.2,1,0,0,0,0,1,0,1
46,82,3,2.66666666666666,2,0,0,0,0,0,0,1
66,18,3,0.5,1,0,0,0,0,0,0,1
37,81,3,0.9,2,0,0,0,0,1,1,1
55,81,3,2.66666666666666,1,0,0,0,0,1,0,1
42,32,3,1.5,1,149,0,0,0,1,0,1
60,60,3,2.5,1,0,0,0,0,1,0,1
57,64,3,2.0,3,142,0,0,0,1,0,1
33,39,3,2.3,1,0,0,0,0,0,0,1
36,65,3,2.6,2,0,0,0,0,1,0,1
49,81,3,2.0,2,0,0,0,0,1,0,1
35,104,3,0.6,2,0,0,0,0,0,1,1
58,30,3,0.4,2,0,0,0,0,0,0,1
47,61,3,2.7,2,168,0,0,0,1,1,1
49,45,3,1.7,2,0,0,1,0,1,0,1
28,80,3,2.5,1,0,0,0,0,1,0,1
35,62,3,2.3,1,0,0,0,0,0,0,1
61,54,3,1.5,1,0,0,0,0,1,0,1
32,28,3,1.0,1,0,0,0,0,0,0,1
55,34,3,1.5,1,101,0,0,0,1,0,1
58,34,3,0.2,1,83,0,0,0,1,0,1
32,58,3,2.0,1,90,0,0,0,1,0,1
62,19,3,0.5,1,89,0,0,0,0,0,1
50,83,3,3.0,2,0,0,0,0,0,1,1
41,70,3,0.5,3,0,0,0,0,0,1,1
38,65,3,0.5,3,0,0,0,0,1,0,1
47,79,3,2.0,2,185,0,1,0,0,0,1
41,68,3,3.0,1,0,0,0,0,1,1,1
66,65,3,2.4,1,0,0,0,0,0,0,1
35,81,3,0.6,2,104,0,0,0,1,0,1
62,39,3,1.5,1,0,0,0,0,1,0,1
39,69,3,0.9,2,0,0,0,0,0,0,1
35,22,3,0.1,2,0,0,0,1,1,1,1
28,69,3,0.7,2,170,0,0,0,0,0,1
30,112,3,2.5,1,0,0,0,0,1,0,1
30,80,3,1.5,1,219,0,0,0,1,0,1
37,51,3,2.1,1,0,0,0,0,1,1,1
47,65,3,2.7,2,0,0,0,0,1,0,1
65,48,3,2.4,1,0,0,0,0,0,1,1
62,30,3,0.1,3,128,0,0,0,1,0,1
42,75,3,2.33333333333333,1,0,0,0,0,0,1,1
63,38,3,0.1,3,178,0,0,0,1,1,1
37,64,3,0.9,2,0,0,0,0,1,0,1
54,78,3,1.8,2,0,0,0,0,0,0,1
45,40,3,1.0,2,0,0,0,0,1,0,1
26,48,3,0.7,2,0,0,0,0,1,0,1
46,84,3,0.7,2,0,0,0,0,1,0,1
61,78,3,0.5,1,0,0,0,0,1,1,1
47,25,3,0.666666666666666,2,0,0,0,0,1,1,1
61,13,3,0.5,1,0,0,0,0,1,0,1
64,8,3,0.1,3,87,0,0,0,0,1,1
39,25,3,0.2,2,0,0,0,0,1,0,1
65,20,3,0.5,1,102,0,0,0,1,1,1
37,60,3,0.5,3,0,0,0,0,1,0,1
59,32,3,0.4,2,0,0,0,0,0,1,1
60,21,3,0.3,3,129,0,0,0,1,0,1
34,72,3,2.3,1,124,0,0,0,0,0,1
55,62,3,0.3,2,0,0,0,0,1,0,1
31,23,3,1.0,1,95,0,0,0,0,0,1
53,20,3,0.1,2,0,0,0,0,0,0,1
45,58,3,0.3,3,0,0,1,0,1,0,1
43,83,3,0.5,3,0,0,0,0,0,1,1
54,50,3,2.0,3,0,0,0,0,1,1,1
56,38,3,1.0,3,110,0,1,0,1,0,1
45,31,3,0.5,2,0,0,0,0,1,1,1
45,80,3,2.66666666666666,2,0,0,0,0,0,0,1
42,113,3,1.0,1,0,0,1,0,1,0,1
55,72,3,0.3,2,147,0,0,0,0,0,1
41,54,3,0.5,3,0,0,0,0,1,1,1
59,80,3,0.5,1,0,0,0,0,1,1,1
36,85,3,1.2,3,0,0,0,0,1,0,1
34,101,3,0.6,2,0,0,0,0,0,0,1
41,39,3,0.5,3,0,0,0,0,0,0,1
60,52,3,0.5,2,0,0,0,0,0,0,1
59,18,3,1.3,2,104,0,0,1,1,1,1
53,39,3,1.0,3,87,0,0,0,1,0,1
24,50,3,2.4,2,0,0,1,0,0,0,1
57,32,3,1.4,1,0,0,1,1,1,1,1
28,43,3,0.1,2,0,0,0,0,1,0,1
56,44,3,1.5,1,153,0,0,0,1,0,1
62,28,3,0.7,2,0,0,0,0,1,0,1
62,90,3,0.5,1,0,0,0,0,1,0,1
32,100,3,0.6,2,0,0,0,0,1,0,1
30,49,3,0.7,2,196,0,0,0,0,1,1
39,52,3,2.33333333333333,1,0,0,0,0,1,0,1
62,60,3,2.2,3,0,0,0,0,1,0,1
43,59,3,0.8,3,91,0,0,0,1,0,1
37,43,3,2.8,1,0,0,0,0,1,0,1
45,78,3,2.66666666666666,2,0,0,0,0,1,0,1
35,31,3,1.3,1,0,0,0,0,0,0,1
59,31,3,0.4,2,0,0,0,0,1,1,1
54,79,3,1.6,3,0,0,0,0,0,0,1
33,14,3,0.9,3,114,0,0,0,0,0,1
40,61,3,2.1,3,0,0,0,0,0,0,1
58,65,3,2.2,3,0,0,0,0,0,0,1
40,82,3,1.0,1,309,0,0,0,0,0,1
58,18,3,0.1,2,110,0,0,0,1,0,1
65,20,3,0.7,2,0,0,0,0,0,1,1
57,45,3,1.5,1,181,0,1,1,1,1,1
62,45,3,0.5,2,200,0,0,0,1,1,1
35,30,3,1.3,1,0,0,1,1,1,1,1
43,35,3,0.5,1,0,0,0,0,1,0,1
45,44,3,1.0,2,193,0,0,0,0,0,1
38,84,3,1.2,3,121,0,0,0,1,1,1
55,44,3,1.0,3,0,0,0,0,1,0,1
33,53,3,2.3,1,76,0,0,0,1,0,1
39,69,3,0.1,1,0,0,0,0,0,0,1
25,52,3,2.6,3,159,0,0,0,0,0,1
30,18,3,0.9,3,0,0,0,0,0,0,1
51,84,3,2.0,2,0,0,0,0,0,0,1
33,41,3,2.0,1,108,0,0,0,1,0,1
53,81,3,1.7,2,0,0,0,0,0,0,1
38,58,3,0.9,3,128,0,0,0,0,1,1
53,44,3,1.0,3,198,0,0,0,1,1,1
43,103,3,1.0,1,180,0,0,0,1,1,1
62,50,3,1.5,1,169,0,0,0,1,0,1
52,35,3,0.9,3,0,0,0,0,0,0,1
56,50,3,1.4,3,0,0,0,0,0,0,1
28,104,3,2.5,1,0,0,0,0,0,0,1
60,29,3,1.3,2,0,0,0,0,0,0,1
62,42,3,0.1,3,149,0,0,0,0,1,1
43,63,3,2.1,3,0,0,0,0,0,0,1
49,39,3,1.9,2,0,0,0,0,0,0,1
41,62,3,0.9,3,0,0,0,0,0,0,1
42,29,3,2.0,3,0,0,0,0,0,0,1
43,80,3,0.1,1,0,0,0,1,1,1,1
66,59,3,2.4,1,0,0,0,0,0,0,1
46,49,3,2.5,2,0,0,0,0,1,1,1
56,64,3,0.3,2,0,0,0,0,0,1,1
65,59,3,2.4,1,0,0,0,0,0,0,1
56,64,3,2.5,1,0,0,0,0,0,0,1
61,73,3,2.0,3,285,0,0,0,0,0,1
35,40,3,0.9,1,0,0,0,0,1,1,1
56,101,3,1.7,2,0,0,0,0,0,1,1
35,64,3,2.3,1,0,0,0,1,1,1,1
55,64,3,0.8,1,119,0,0,0,0,1,1
57,80,3,1.6,3,144,0,0,0,1,1,1
56,25,3,0.1,2,0,0,0,0,0,0,1
46,24,3,0.666666666666666,2,0,0,0,0,1,0,1
51,112,3,1.8,2,0,0,1,1,1,1,1
38,63,3,0.5,3,190,0,1,1,1,1,1
65,83,3,2.0,3,0,0,0,0,1,0,1
42,24,3,1.0,2,0,0,0,0,1,1,1
42,95,3,0.5,3,0,0,0,0,0,0,1
32,45,3,2.3,1,83,0,1,0,1,0,1
46,99,3,1.1,1,0,0,0,0,0,0,1
52,41,3,1.9,2,0,0,0,0,0,1,1
55,79,3,0.8,1,0,0,0,0,1,0,1
57,60,3,1.7,1,0,0,1,1,1,1,1
53,98,3,1.8,2,0,0,0,0,0,0,1
62,83,3,1.8,2,187,0,1,0,0,0,1
45,42,3,2.5,2,0,0,0,0,0,0,1
52,78,3,3.0,2,0,0,0,0,0,1,1
43,32,3,0.5,2,0,0,0,0,1,0,1
28,58,3,1.5,1,131,0,0,0,0,0,1
58,62,3,2.2,3,217,0,0,1,1,1,1
62,95,3,0.5,1,0,0,0,0,0,0,1
45,19,3,0.5,2,0,0,0,0,1,0,1
47,79,3,1.1,1,185,0,0,0,1,1,1
46,19,3,0.5,1,0,0,0,0,1,0,1
54,69,3,1.4,3,132,0,0,0,1,0,1
52,43,3,1.0,2,165,0,0,1,1,1,1
52,55,3,1.4,3,0,0,0,0,1,0,1
65,53,3,2.2,1,0,0,0,0,0,1,1
62,48,3,2.2,1,0,0,0,0,0,0,1
35,72,3,2.6,2,0,0,0,0,1,0,1
58,23,3,0.2,1,0,0,0,0,0,0,1
24,35,3,0.1,2,0,0,1,0,1,0,1
61,55,3,0.9,3,197,0,0,0,0,0,1
41,54,3,2.1,1,0,0,0,0,1,0,1
43,59,3,0.9,3,87,0,0,0,1,1,1
37,14,3,0.1,2,113,0,0,0,1,0,1
65,23,3,0.7,2,0,0,0,0,0,1,1
31,28,3,1.0,1,0,0,0,0,1,0,1
43,25,3,1.0,2,0,0,0,0,1,0,1
25,113,3,2.5,1,0,0,0,0,0,1,1
46,52,3,2.7,2,228,0,0,0,0,1,1
59,84,3,1.6,3,0,0,0,0,1,0,1
35,25,3,0.1,2,0,0,1,0,1,0,1
27,43,3,1.1,2,0,0,0,0,0,0,1
30,13,3,0.9,3,0,0,0,0,1,0,1
55,70,3,1.4,3,0,0,0,0,1,0,1
44,61,3,2.7,2,0,0,0,0,0,0,1
39,75,3,2.33333333333333,2,0,0,0,0,1,1,1
35,40,3,0.9,1,0,0,0,0,1,0,1
44,29,3,1.0,2,0,0,0,0,1,1,1
62,25,3,0.3,3,0,0,0,0,1,1,1
45,30,3,0.5,2,0,0,0,0,1,1,1
44,22,3,1.0,2,126,0,0,0,1,1,1
42,38,3,0.9,3,0,0,0,0,0,0,1
44,33,3,0.5,2,0,0,0,0,0,0,1
48,78,3,2.1,1,0,0,0,0,1,1,1
43,89,3,0.5,3,0,0,0,0,1,1,1
47,60,3,2.1,1,0,0,0,0,1,1,1
43,41,3,2.2,2,0,0,0,0,1,0,1
60,65,3,2.2,3,94,0,1,1,0,1,1
61,60,3,0.5,2,182,0,0,0,0,0,1
28,70,3,0.3,3,0,0,0,0,0,1,1
53,44,3,1.7,1,0,0,0,0,0,0,1
37,19,3,0.2,2,0,0,0,0,1,0,1
33,62,3,2.3,1,98,0,0,0,0,1,1
62,41,3,0.9,3,0,0,0,0,1,1,1
50,45,3,0.6,2,117,0,0,0,1,0,1
38,41,3,0.5,3,0,0,0,0,0,1,1
28,81,3,1.5,1,276,0,0,0,1,0,1
42,41,3,2.5,2,0,0,0,0,1,0,1
27,32,3,1.0,2,0,0,0,0,0,0,1
56,51,3,2.0,3,0,0,0,0,1,0,1
48,74,3,0.7,1,0,0,1,0,1,0,1
25,53,3,2.4,2,0,0,0,0,0,0,1
55,39,3,1.0,2,0,0,0,0,1,1,1
61,60,3,1.4,3,0,0,0,0,0,0,1
56,39,3,1.4,1,131,0,0,0,0,1,1
42,65,3,0.5,3,256,0,0,0,1,0,1
42,64,3,0.5,3,247,0,0,0,0,0,1
46,38,3,2.5,2,135,0,0,0,0,0,1
29,83,3,1.5,1,0,0,0,0,1,1,1
58,43,3,1.4,1,0,0,0,0,0,1,1
59,45,3,2.0,3,0,0,0,0,1,0,1
61,89,3,0.5,1,0,0,0,0,1,0,1
29,30,3,1.0,2,0,0,0,0,0,0,1
38,69,3,2.33333333333333,2,0,0,0,0,0,0,1
57,52,3,0.5,2,0,0,0,0,1,0,1
57,64,3,2.5,1,208,0,0,0,0,1,1
32,25,3,0.9,3,0,0,0,0,1,1,1
65,79,3,2.0,3,0,0,0,0,0,0,1
32,93,3,1.6,1,79,0,0,0,1,0,1
67,21,3,0.1,3,0,0,0,0,0,1,1
42,51,3,2.1,3,0,0,0,0,0,0,1
51,45,3,0.6,2,131,0,0,0,1,0,1
37,42,3,0.7,2,0,0,0,0,1,1,1
59,38,3,2.2,3,178,0,1,1,1,1,1
44,33,3,1.5,1,0,0,0,0,1,1,1
42,73,3,2.33333333333333,2,0,0,0,0,0,0,1
56,72,3,2.0,2,0,0,0,0,0,0,1
47,39,3,0.6,2,0,0,0,0,1,1,1
36,21,3,0.1,2,0,0,0,0,0,0,1
59,21,3,1.3,2,0,0,0,0,1,1,1
56,51,3,1.0,2,0,0,0,0,1,0,1
56,78,3,1.7,2,0,0,0,0,0,0,1
25,21,3,1.0,2,0,0,0,0,0,0,1
29,69,3,0.3,3,0,0,0,0,0,0,1
32,84,3,0.6,2,0,0,0,0,1,1,1
32,70,3,1.5,1,0,0,0,0,1,0,1
33,23,3,0.9,3,0,0,0,0,1,1,1
42,35,3,1.5,1,0,0,0,0,0,0,1
56,52,3,2.0,2,0,0,1,1,1,1,1
43,55,3,2.2,2,0,0,0,0,0,0,1
41,98,3,1.0,1,296,0,0,0,0,0,1
52,44,3,1.0,2,135,0,0,0,1,0,1
61,23,3,0.4,2,0,0,0,0,0,0,1
57,44,3,0.5,2,0,0,0,0,1,0,1
45,94,3,0.5,3,0,0,0,0,1,0,1
54,79,3,1.7,2,150,0,0,0,1,1,1
39,75,3,3.0,1,0,0,0,0,0,1,1
28,85,3,2.5,1,0,0,0,0,1,0,1
43,20,3,0.5,1,0,0,0,0,0,0,1
60,35,3,0.2,1,169,0,0,0,1,0,1
37,69,3,2.1,1,0,0,1,0,0,0,1
63,54,3,2.4,1,90,0,0,0,0,1,1
51,44,3,1.9,2,141,0,0,0,0,0,1
58,18,3,0.1,2,0,0,0,0,1,1,1
54,63,3,1.4,3,138,0,0,0,1,1,1
52,39,3,1.9,2,83,0,0,1,1,1,1
61,23,3,0.3,3,0,0,0,0,1,0,1
34,35,3,1.3,1,0,0,0,0,0,0,1
60,43,3,0.9,3,175,0,0,0,0,0,1
47,82,3,2.1,1,0,0,0,0,0,0,1
42,74,3,3.0,1,0,0,0,0,0,1,1
60,64,3,2.5,1,0,0,0,0,1,0,1
26,95,3,0.8,1,0,0,0,0,1,0,1
37,42,3,0.5,3,0,0,0,0,1,1,1
62,92,3,0.5,1,310,0,0,0,1,0,1
46,30,3,0.5,1,0,0,0,0,0,0,1
54,72,3,1.4,3,218,0,0,0,0,1,1
50,110,3,1.8,2,0,0,0,0,1,0,1
33,61,3,2.6,2,0,0,0,0,1,0,1
61,30,3,1.3,2,0,0,0,0,0,0,1
39,54,3,3.0,1,108,0,0,0,0,1,1
34,60,3,2.3,1,0,0,0,0,0,0,1
61,48,3,1.5,1,0,0,0,0,0,1,1
39,40,3,0.9,3,129,0,0,0,1,0,1
60,48,3,1.5,1,0,0,0,0,1,0,1
46,74,3,0.7,1,0,0,0,0,1,0,1
30,30,3,1.0,1,0,0,0,0,1,0,1
43,29,3,0.5,1,97,0,0,0,1,0,1
46,83,3,0.7,1,0,0,0,0,0,0,1
63,22,3,0.1,3,90,0,0,0,1,0,1
58,65,3,2.5,1,222,0,0,0,1,0,1
43,44,3,1.0,2,0,0,0,0,1,0,1
40,73,3,3.0,1,0,0,0,0,1,1,1
52,44,3,1.9,2,0,0,0,0,0,1,1
44,44,3,2.0,3,180,0,1,1,1,1,1
39,104,3,1.0,1,242,0,0,0,1,0,1
57,40,3,1.7,1,0,0,0,0,1,1,1
38,22,3,0.2,2,0,0,0,0,1,0,1
36,33,3,0.9,1,0,0,0,0,0,0,1
43,45,3,0.6,2,0,0,0,0,0,0,1
40,59,3,0.5,3,0,0,0,0,1,0,1
56,33,3,1.5,1,0,0,0,0,0,0,1
48,80,3,1.1,1,0,0,0,0,0,0,1
33,90,3,1.6,1,0,0,0,0,1,0,1
53,85,3,1.8,2,0,0,0,0,1,0,1
29,21,3,0.9,3,119,0,0,0,0,0,1
41,65,3,0.5,3,0,0,0,0,1,0,1
53,62,3,3.0,2,0,0,1,0,0,0,1
49,103,3,2.0,2,167,0,0,0,0,0,1
47,49,3,2.2,2,0,0,1,0,0,0,1
43,89,3,0.5,3,108,0,0,0,0,1,1
34,41,3,2.3,1,0,0,0,0,0,1,1
27,88,3,0.8,1,238,0,0,0,0,0,1
39,21,3,0.2,2,0,0,0,0,1,0,1
59,40,3,0.9,3,0,0,0,0,1,0,1
39,85,3,1.2,3,107,0,0,0,1,1,1
40,54,3,0.8,3,0,0,0,0,1,0,1
58,58,3,2.0,3,0,0,0,0,1,0,1
40,69,3,2.1,1,106,0,0,0,1,0,1
55,35,3,1.4,1,0,0,0,0,0,0,1
51,30,3,0.6,2,144,0,0,0,0,1,1
67,51,3,2.2,1,0,0,0,0,1,1,1
34,84,3,0.6,2,0,0,0,0,1,0,1
60,80,3,0.5,1,0,0,0,0,1,0,1
25,39,3,2.4,2,0,0,0,0,1,0,1
51,65,3,0.7,2,0,0,0,0,0,0,1
34,45,3,2.8,1,153,0,0,0,1,1,1
32,82,3,1.5,1,0,0,0,0,1,1,1
34,105,3,1.2,3,0,0,1,0,0,0,1
34,61,3,2.0,1,0,0,0,0,0,1,1
32,45,1,2.4,2,0,0,0,0,0,0,2
31,71,1,0.1,1,78,0,1,0,0,0,2
33,145,1,4.3,1,437,0,0,0,1,0,2
30,24,1,0.4,2,81,0,0,0,1,0,2
30,69,1,0.8,2,0,0,1,0,1,0,2
58,43,1,2.8,2,0,0,0,0,1,0,2
30,72,1,0.1,1,207,0,0,0,0,0,2
61,48,1,0.8,1,158,0,0,0,1,0,2
60,122,1,2.6,1,352,0,0,0,0,0,2
52,93,1,2.4,1,0,0,0,0,1,0,2
55,78,1,0.8,3,190,0,0,0,1,0,2
60,24,1,0.1,1,0,0,0,0,0,0,2
59,58,1,0.0,2,0,0,0,0,1,0,2
54,35,1,1.5,2,0,0,0,0,1,0,2
39,25,1,1.4,3,0,0,0,0,0,0,2
32,38,1,1.0,1,0,0,0,0,1,0,2
34,38,1,1.33333333333333,1,0,0,1,0,1,0,2
30,45,1,1.8,2,0,0,0,0,1,0,2
65,140,1,0.9,1,0,0,0,0,0,0,2
51,68,1,1.5,2,0,0,0,0,0,0,2
50,68,1,1.5,2,120,0,0,0,1,1,2
49,70,1,0.3,1,217,0,0,0,0,0,2
64,38,1,1.1,3,108,0,0,0,0,0,2
63,41,1,0.5,3,0,0,0,0,0,1,2
39,42,1,2.5,3,0,0,0,0,1,0,2
52,81,1,1.3,3,293,0,0,0,0,1,2
36,91,1,1.5,3,289,0,0,0,1,0,2
47,81,1,2.9,1,0,0,0,0,0,1,2
64,39,1,0.5,3,0,0,1,1,1,1,2
60,32,1,0.3,3,80,0,0,0,1,0,2
49,31,1,1.0,1,0,0,1,0,1,0,2
67,32,1,1.1,3,0,0,0,0,0,1,2
60,59,1,0.0,2,0,0,1,0,0,0,2
33,140,1,4.6,1,0,0,0,0,1,0,2
54,65,1,0.2,1,0,0,0,0,0,1,2
60,43,1,1.4,1,0,0,0,0,1,1,2
54,24,1,0.1,2,0,0,0,0,0,0,2
57,19,1,1.3,1,0,0,0,0,1,0,2
50,85,1,0.0,1,144,0,0,0,0,0,2
60,128,1,0.9,1,0,0,0,0,1,0,2
50,18,1,0.5,2,0,0,0,0,1,1,2
32,78,1,2.9,3,0,0,0,0,0,0,2
49,79,1,0.2,2,83,0,0,0,1,1,2
64,43,1,1.9,2,0,0,0,0,1,0,2
35,82,1,2.5,1,138,0,0,0,0,0,2
40,53,1,2.0,1,0,0,0,0,1,1,2
44,122,1,0.3,1,0,0,0,0,1,0,2
50,31,1,0.3,3,0,0,0,0,0,0,2
47,68,1,2.66666666666666,2,0,0,0,0,1,1,2
45,55,1,0.3,1,0,0,0,0,1,1,2
29,34,1,0.4,3,0,0,0,0,0,0,2
49,13,1,0.9,3,0,0,0,0,1,0,2
41,75,1,3.7,3,280,0,0,0,0,0,2
40,31,1,0.6,3,0,0,0,0,1,0,2
36,133,1,3.8,1,290,0,1,1,1,1,2
65,35,1,0.5,3,150,0,0,0,1,0,2
36,39,1,2.0,1,153,0,0,0,0,0,2
61,61,1,1.6,1,0,0,0,0,0,0,2
65,23,1,1.5,3,0,0,0,0,1,0,2
64,59,1,2.5,3,220,0,0,0,0,0,2
60,15,1,0.8,2,0,0,0,0,1,0,2
27,34,1,2.0,2,112,0,0,0,0,1,2
64,131,1,3.8,1,0,0,0,0,0,0,2
50,85,1,2.66666666666666,2,0,0,0,0,1,0,2
33,44,1,1.2,1,0,0,0,0,0,0,2
35,45,1,2.0,1,0,0,0,0,1,1,2
64,40,1,2.5,3,94,0,0,0,1,1,2
38,52,1,2.0,1,0,0,0,0,0,0,2
34,79,1,2.5,1,0,0,0,0,1,0,2
44,53,1,0.2,1,0,0,0,0,1,0,2
53,95,1,2.7,2,0,0,0,0,1,0,2
60,28,1,1.5,3,124,0,1,0,1,0,2
49,38,1,1.4,3,0,0,0,0,0,0,2
39,115,1,1.0,3,0,0,0,0,1,0,2
40,19,1,0.75,3,116,0,0,0,0,0,2
30,85,1,2.6,2,0,0,0,0,1,0,2
63,8,1,0.8,2,97,0,0,0,1,0,2
44,105,1,4.7,1,0,0,0,0,0,1,2
41,98,1,4.0,3,0,0,0,0,0,1,2
62,42,1,0.5,3,128,0,0,0,1,0,2
55,15,1,0.2,1,0,0,0,0,0,0,2
58,55,1,0.8,1,168,0,0,0,1,1,2
60,113,1,0.9,1,406,0,0,0,1,0,2
51,70,1,1.2,1,169,0,0,0,0,0,2
30,39,1,1.5,1,0,0,0,0,1,0,2
37,38,1,1.5,2,116,0,0,0,0,1,2
57,88,1,2.7,2,0,0,0,0,1,0,2
61,19,1,1.5,3,0,0,0,0,1,0,2
59,45,1,1.8,3,0,0,0,0,1,0,2
57,9,1,0.1,2,91,0,1,0,1,0,2
43,91,1,5.2,1,0,0,1,0,0,0,2
47,53,1,1.5,2,0,0,0,0,1,0,2
48,139,1,0.0,1,0,0,0,1,1,1,2
39,21,1,0.6,3,101,0,0,0,0,0,2
58,44,1,0.8,2,0,0,0,0,0,0,2
54,64,1,1.8,3,227,0,0,0,0,1,2
47,53,1,0.3,1,213,0,0,0,0,0,2
30,29,1,0.2,3,90,0,0,0,1,0,2
35,30,1,1.7,1,0,0,1,0,0,1,2
52,62,1,1.8,3,231,0,0,0,1,0,2
42,34,1,2.0,2,0,0,1,0,0,0,2
32,29,1,1.9,3,0,0,0,0,1,1,2
56,74,1,3.0,3,0,0,0,0,0,0,2
53,93,1,0.8,3,313,0,0,0,0,0,2
58,40,1,1.6,1,0,0,1,1,1,1,2
57,91,1,4.3,1,81,0,1,0,0,0,2
64,92,1,2.0,1,0,0,0,0,1,0,2
52,18,1,0.3,1,120,0,0,0,1,0,2
40,44,1,1.8,1,0,0,1,0,1,0,2
43,128,1,4.7,1,0,0,0,0,1,0,2
43,44,1,2.4,1,0,0,0,0,0,0,2
56,58,1,1.8,3,241,0,0,0,1,0,2
49,109,1,0.6,1,0,0,0,0,0,0,2
32,81,1,2.5,1,0,0,0,0,1,0,2
39,178,1,4.1,1,207,0,0,0,1,0,2
57,23,1,0.3,3,0,0,0,0,1,1,2
39,11,1,1.0,1,0,0,0,0,0,0,2
58,191,1,2.9,1,0,0,0,0,0,0,2
49,24,1,0.3,1,0,0,0,0,0,0,2
30,44,1,0.2,3,0,0,0,0,0,1,2
34,43,1,1.7,1,142,0,0,0,0,1,2
27,43,1,1.0,3,0,0,0,0,1,0,2
40,35,1,1.4,3,0,0,0,0,1,1,2
59,61,1,1.4,3,0,0,0,0,0,0,2
62,162,1,1.3,1,0,0,0,0,1,0,2
49,91,1,2.8,2,0,0,0,0,0,0,2
28,11,1,0.1,2,0,0,0,0,1,1,2
60,108,1,0.9,1,0,0,1,0,0,0,2
53,98,1,1.3,3,355,0,0,0,1,0,2
62,33,1,1.5,3,140,0,0,0,1,1,2
48,74,1,1.2,1,0,0,0,0,1,0,2
50,35,1,0.3,3,0,0,0,0,1,0,2
46,104,1,5.7,1,0,0,0,0,1,1,2
45,45,1,0.2,1,0,0,0,0,1,0,2
61,18,1,1.5,3,0,0,0,0,1,1,2
54,18,1,0.3,1,0,0,1,1,1,0,2
44,124,1,4.7,1,0,0,0,0,1,1,2
43,29,1,0.3,3,0,0,0,0,1,0,2
38,21,1,0.666666666666666,3,0,0,0,0,1,0,2
37,89,1,1.5,3,0,0,0,0,1,0,2
50,43,1,1.4,3,137,0,0,0,1,0,2
47,132,1,0.3,1,0,0,0,0,1,0,2
48,128,1,5.7,1,0,0,1,0,0,0,2
49,68,1,0.2,2,163,0,0,0,0,0,2
42,43,1,0.7,1,136,0,0,0,0,0,2
51,145,1,0.3,1,0,0,0,0,1,0,2
59,161,1,2.9,1,160,0,0,0,0,1,2
43,51,1,0.7,3,0,0,0,0,0,0,2
35,42,1,1.5,3,0,0,0,0,1,0,2
41,88,1,2.8,3,0,0,1,0,0,0,2
31,140,1,4.0,1,0,0,0,0,0,1,2
43,55,1,0.2,1,0,0,0,0,1,0,2
58,28,1,0.3,3,0,0,0,0,1,0,2
26,23,1,0.1,2,0,0,0,0,0,0,2
41,104,1,4.0,3,0,0,0,1,1,1,2
49,75,1,1.5,2,0,0,0,0,0,1,2
56,48,1,2.2,3,0,0,0,0,1,1,2
49,18,1,0.4,3,121,0,0,0,1,0,2
62,155,1,1.3,1,0,0,0,0,0,0,2
35,58,1,2.5,1,0,0,0,0,1,1,2
49,93,1,2.7,1,0,0,1,0,1,0,2
46,42,1,2.4,1,0,0,0,0,1,1,2
34,133,1,3.8,1,0,0,0,0,1,0,2
33,38,1,1.33333333333333,1,115,0,0,0,0,0,2
32,42,1,0.2,3,102,0,0,0,1,0,2
47,19,1,1.0,1,0,0,0,0,0,1,2
35,38,1,1.7,1,0,0,0,0,0,1,2
63,15,1,0.8,2,115,0,0,0,1,0,2
49,129,1,0.3,1,0,0,0,0,1,1,2
50,12,1,0.2,1,96,0,0,0,0,0,2
45,70,1,2.8,1,0,0,0,0,0,1,2
66,39,1,1.9,2,0,0,0,0,1,1,2
41,93,1,2.8,3,0,0,0,0,1,0,2
60,50,1,1.8,3,0,0,0,0,1,0,2
54,155,1,1.0,1,256,0,0,0,1,1,2
38,74,1,3.6,2,0,0,0,0,1,1,2
51,91,1,0.8,3,0,0,0,0,0,0,2
65,115,1,2.5,1,174,0,0,0,0,1,2
39,89,1,2.8,3,153,0,0,0,1,1,2
42,79,1,3.7,3,0,0,1,0,0,1,2
40,49,1,1.8,1,0,0,0,0,0,1,2
28,42,1,1.5,1,0,0,0,0,1,1,2
27,43,1,1.5,1,0,0,0,0,1,0,2
30,51,1,1.0,1,0,0,0,0,1,0,2
32,38,1,0.3,1,0,0,1,1,1,0,2
25,28,1,1.0,3,0,0,0,0,1,0,2
62,65,1,0.0,2,0,0,0,0,1,0,2
34,134,1,4.0,1,0,0,0,0,0,0,2
31,132,1,3.8,1,0,0,0,0,1,0,2
57,28,1,1.2,3,98,0,0,0,1,0,2
64,113,1,0.8,3,0,0,0,0,0,1,2
33,29,1,0.6,3,127,0,0,0,0,1,2
52,84,1,2.4,1,0,0,0,0,1,0,2
60,24,1,1.5,2,0,0,0,0,0,0,2
51,29,1,1.4,3,102,0,0,0,0,1,2
48,21,1,0.1,1,0,0,0,0,0,0,2
47,89,1,2.6,2,0,0,1,1,1,1,2
34,134,1,4.6,1,164,0,1,0,1,0,2
31,105,1,4.0,1,331,0,0,0,1,0,2
34,82,1,2.7,2,251,0,0,0,1,0,2
45,20,1,0.75,3,0,0,0,0,1,0,2
54,13,1,0.3,1,0,0,0,0,0,0,2
33,50,1,2.4,2,0,0,0,0,0,0,2
63,32,1,1.5,2,0,0,0,0,0,0,2
62,161,1,2.9,1,0,0,1,1,1,1,2
58,51,1,2.8,2,0,0,0,0,1,0,2
63,49,1,0.8,1,103,0,0,0,1,0,2
40,84,1,3.7,3,0,0,0,0,1,0,2
66,114,1,0.8,3,0,0,0,0,1,1,2
28,22,1,0.1,2,0,0,0,0,1,0,2
30,73,1,2.6,2,133,0,0,0,1,0,2
60,79,1,1.8,3,0,0,0,0,0,1,2
49,13,1,0.4,3,101,0,1,0,0,0,2
43,132,1,5.0,1,0,0,0,0,0,0,2
43,59,1,2.4,1,250,0,0,0,1,0,2
43,114,1,1.7,1,0,0,0,0,1,0,2
58,90,1,3.0,3,0,0,0,0,0,1,2
42,145,1,1.7,1,132,0,0,0,1,1,2
39,74,1,0.1,2,144,0,1,0,1,0,2
36,93,1,2.8,3,0,0,0,0,1,0,2
60,40,1,1.6,1,0,0,0,0,1,0,2
51,80,1,4.9,1,0,0,0,0,0,0,2
36,110,1,3.8,1,0,0,0,0,1,1,2
35,38,1,1.5,2,136,0,0,0,1,0,2
59,18,1,1.2,3,0,0,0,0,1,0,2
33,83,1,0.1,1,0,0,0,0,1,0,2
58,125,1,4.3,1,219,0,0,0,0,0,2
54,83,1,3.0,3,0,0,0,0,0,0,2
34,89,1,0.0,1,0,0,0,0,1,0,2
28,9,1,0.1,2,0,0,0,0,1,0,2
40,29,1,2.0,2,0,0,0,0,1,0,2
38,103,1,0.8,2,0,0,0,0,0,1,2
47,71,1,0.8,3,127,0,0,0,1,0,2
44,34,1,0.3,3,78,0,0,0,1,0,2
44,68,1,0.8,3,91,0,0,0,0,0,2
34,31,1,0.3,1,104,0,0,0,1,1,2
36,72,1,2.8,1,224,0,0,0,0,0,2
38,42,1,2.0,2,81,0,0,0,1,0,2
65,53,1,2.5,3,0,0,0,0,1,0,2
33,139,1,4.3,1,0,0,0,0,0,0,2
33,20,1,0.666666666666666,3,0,0,0,0,0,0,2
55,21,1,0.5,2,0,0,1,0,0,1,2
58,41,1,0.2,1,81,0,0,0,1,0,2
64,21,1,0.8,2,76,0,0,0,0,1,2
32,112,1,2.7,2,408,0,1,1,1,1,2
61,60,1,2.8,2,0,0,0,0,1,0,2
58,75,1,1.4,3,0,0,0,0,1,0,2
51,19,1,1.4,3,98,0,0,0,0,0,2
36,103,1,4.6,1,255,0,0,0,1,0,2
51,71,1,2.6,2,0,0,0,0,0,1,2
50,34,1,1.3,2,0,0,0,0,1,0,2
59,68,1,1.8,3,95,0,0,0,0,0,2
54,111,1,0.1,3,0,0,0,0,0,1,2
65,162,1,1.3,1,0,0,0,0,1,0,2
41,82,1,4.0,3,0,0,0,0,1,0,2
44,145,1,3.5,1,0,0,0,0,0,1,2
41,80,1,0.3,1,0,0,0,0,0,0,2
32,112,1,3.8,1,81,0,0,0,1,0,2
42,55,1,0.7,3,135,0,0,0,1,0,2
43,42,1,0.3,3,0,0,0,0,1,0,2
46,92,1,0.2,2,0,0,0,0,0,0,2
29,162,1,4.3,1,0,0,0,0,0,1,2
24,38,1,1.0,3,0,0,0,0,1,0,2
61,155,1,2.9,1,0,0,0,0,1,0,2
36,42,1,1.33333333333333,1,0,0,0,0,1,0,2
51,88,1,2.6,2,0,0,1,0,0,1,2
49,33,1,0.3,3,0,0,0,1,1,1,2
52,55,1,1.6,3,0,0,0,0,0,0,2
52,114,1,4.9,1,0,0,0,0,0,0,2
49,94,1,0.3,1,0,0,0,0,1,0,2
60,40,1,2.5,3,166,0,0,0,1,0,2
26,40,1,1.0,3,0,0,0,0,1,0,2
31,34,1,1.9,3,156,0,0,0,1,0,2
50,38,1,1.4,3,0,0,0,0,1,0,2
38,64,1,1.5,3,0,0,0,0,0,1,2
47,92,1,2.8,2,0,0,0,0,1,0,2
47,44,1,1.4,3,0,0,0,0,1,1,2
34,49,1,2.5,3,0,0,0,0,0,0,2
40,69,1,1.5,3,0,0,0,0,0,0,2
51,132,1,0.3,1,0,0,0,0,1,0,2
65,129,1,1.3,1,0,0,0,0,1,1,2
48,8,1,0.4,3,0,0,0,0,0,1,2
37,45,1,1.8,1,0,0,0,0,0,0,2
57,43,1,0.2,1,0,0,0,0,0,0,2
30,62,1,0.1,1,0,0,0,0,1,1,2
59,131,1,3.8,1,0,0,0,0,1,1,2
54,95,1,1.9,2,0,0,0,0,1,0,2
60,22,1,1.5,3,0,0,0,0,1,1,2
47,82,1,2.9,1,276,0,0,0,1,0,2
61,131,1,0.9,1,0,0,0,0,1,0,2
43,41,1,0.5,3,0,0,0,0,0,0,2
64,58,1,1.8,3,0,0,0,0,1,0,2
31,72,1,2.6,2,0,0,0,0,1,0,2
49,80,1,1.2,1,0,0,0,0,1,0,2
42,85,1,3.7,3,272,0,0,0,0,0,2
56,90,1,1.9,2,0,0,0,0,1,0,2
53,20,1,0.2,1,131,0,0,0,1,1,2
49,48,1,1.3,2,0,0,0,0,0,1,2
34,110,1,4.0,1,0,0,0,0,1,0,2
52,8,1,0.3,1,0,0,0,0,1,0,2
33,44,1,0.3,1,0,0,0,0,0,0,2
52,80,1,1.3,3,0,0,0,1,1,1,2
39,20,1,0.6,3,0,0,0,0,1,0,2
52,72,1,1.6,3,0,0,0,0,1,0,2
32,79,1,0.1,1,0,0,0,0,0,0,2
53,122,1,2.4,1,330,0,0,0,0,0,2
50,83,1,2.8,2,0,0,0,0,1,1,2
45,121,1,4.7,1,0,0,0,0,0,0,2
54,81,1,0.1,3,0,0,0,0,0,0,2
42,44,1,0.3,3,0,0,1,1,1,1,2
30,32,1,2.0,2,0,0,0,0,1,1,2
28,85,1,0.8,2,0,0,0,0,1,1,2
37,93,1,2.8,1,0,0,1,0,1,0,2
29,160,1,4.3,1,385,0,0,0,1,0,2
57,43,1,1.8,3,0,0,0,0,0,0,2
56,15,1,0.1,2,0,0,0,0,1,0,2
31,11,1,0.5,3,80,0,0,0,1,1,2
44,88,1,4.7,1,0,0,0,0,0,0,2
58,38,1,1.4,1,0,0,0,0,1,1,2
38,93,1,5.2,1,267,0,0,0,1,0,2
40,73,1,1.5,3,252,0,0,0,1,0,2
52,65,1,0.0,1,0,0,0,0,1,1,2
59,39,1,1.8,3,0,0,0,0,1,0,2
37,59,1,3.6,2,0,0,0,0,0,0,2
33,29,1,0.6,3,0,0,0,0,0,0,2
37,115,1,0.8,2,0,0,0,0,1,1,2
57,21,1,0.3,3,117,0,0,0,0,0,2
54,70,1,1.6,3,251,0,0,0,1,1,2
50,114,1,0.6,1,0,0,0,0,0,1,2
61,22,1,1.2,3,0,0,0,0,1,0,2
61,62,1,0.0,2,244,0,0,0,1,0,2
38,163,1,4.1,1,0,0,0,0,0,0,2
31,62,1,1.0,1,0,0,1,0,1,0,2
28,43,1,1.0,3,102,0,0,0,0,0,2
53,85,1,1.2,1,0,0,0,0,0,0,2
32,85,1,2.7,2,100,0,0,0,1,0,2
60,59,1,1.6,1,231,0,0,0,1,0,2
32,44,1,1.8,2,192,0,0,0,1,0,2
39,65,1,1.5,3,0,0,0,0,0,0,2
53,65,1,2.2,3,0,0,0,0,1,1,2
59,19,1,0.3,3,0,0,0,0,1,0,2
54,70,1,1.6,3,265,0,0,0,0,0,2
51,133,1,0.6,1,328,0,0,0,0,0,2
57,53,1,0.8,2,120,0,0,0,0,0,2
45,73,1,0.8,3,0,0,0,0,1,0,2
44,30,1,0.6,3,0,0,0,0,1,0,2
57,41,1,1.4,1,0,0,1,0,1,0,2
43,35,1,0.3,3,120,0,1,0,1,0,2
40,83,1,0.8,2,230,0,1,0,1,0,2
58,12,1,0.1,2,0,0,0,0,0,1,2
41,140,1,3.5,1,342,0,0,0,0,0,2
32,58,1,1.0,1,0,0,0,0,1,0,2
43,122,1,0.3,1,0,0,0,0,1,0,2
44,75,1,0.7,3,0,0,0,0,0,1,2
61,60,1,2.5,3,0,0,0,0,1,0,2
42,82,1,3.7,3,0,0,0,0,1,0,2
65,34,1,1.1,3,119,0,0,0,1,1,2
54,161,1,2.9,1,0,0,0,0,1,0,2
54,49,1,1.4,3,0,0,0,0,1,0,2
32,83,1,2.6,2,0,0,1,0,0,1,2
55,94,1,0.8,3,221,0,0,0,0,0,2
49,39,1,1.4,3,0,0,0,0,1,0,2
49,49,1,1.2,2,0,0,0,0,1,1,2
56,45,1,0.2,1,98,0,0,0,0,0,2
50,14,1,0.4,3,0,0,0,0,1,1,2
51,72,1,2.9,1,0,0,0,0,0,0,2
63,11,1,0.8,2,102,0,0,0,0,1,2
55,99,1,0.1,3,0,0,0,0,0,0,2
46,9,1,0.2,1,0,0,0,0,1,0,2
45,11,1,0.2,1,91,0,0,0,0,0,2
41,44,1,0.3,3,0,0,0,0,0,0,2
63,64,1,1.8,3,147,0,0,0,1,1,2
31,13,1,0.5,3,0,0,0,0,1,0,2
42,28,1,0.6,3,0,0,0,0,0,1,2
46,54,1,0.7,3,154,0,0,0,1,1,2
50,79,1,2.9,1,307,0,0,0,0,1,2
54,69,1,1.6,3,0,0,0,0,1,1,2
47,90,1,2.7,1,323,0,0,0,0,0,2
48,22,1,0.1,1,0,0,0,0,0,0,2
63,31,1,0.5,3,0,0,0,0,1,0,2
30,139,1,4.3,1,0,0,0,0,1,0,2
63,109,1,2.0,1,0,0,0,0,1,0,2
47,81,1,2.9,1,138,0,0,0,0,0,2
34,41,1,1.0,1,0,0,0,0,1,0,2
33,32,1,0.6,3,166,0,0,0,1,0,2
56,25,1,0.1,2,136,0,0,0,1,0,2
52,29,1,1.5,2,159,0,0,0,0,1,2
51,18,1,0.3,3,93,0,0,0,0,1,2
40,78,1,5.2,1,0,0,0,0,1,0,2
33,101,1,2.7,2,233,0,0,0,0,0,2
61,25,1,0.8,2,142,0,0,0,1,0,2
42,89,1,0.1,2,170,0,0,0,1,0,2
61,10,1,0.1,1,0,0,0,0,0,0,2
35,34,1,1.5,2,0,0,0,0,0,0,2
49,71,1,1.4,3,0,0,0,0,0,0,2
49,22,1,0.3,3,0,0,0,0,0,0,2
47,75,1,2.6,2,0,0,0,0,0,1,2
48,125,1,2.4,1,0,0,0,0,1,0,2
62,83,1,1.8,3,0,0,0,0,1,0,2
59,84,1,1.8,3,0,0,0,0,1,1,2
26,12,1,0.1,2,0,0,0,0,1,0,2
40,138,1,3.5,1,0,0,0,0,1,0,2
40,114,1,3.4,1,300,0,0,0,1,0,2
34,34,1,1.7,1,164,0,0,0,0,0,2
60,31,1,1.5,3,0,0,0,0,1,0,2
50,82,1,1.3,3,0,0,0,0,1,0,2
36,21,1,0.666666666666666,3,0,0,1,0,1,0,2
39,55,1,1.5,3,0,0,0,0,1,0,2
42,91,1,0.1,2,199,0,0,0,1,1,2
27,40,1,2.0,2,110,0,0,0,0,1,2
62,11,1,0.1,1,0,0,0,0,1,0,2
25,81,2,1.6,3,0,0,0,0,1,1,3
52,19,2,0.7,2,0,0,0,0,0,1,3
59,142,2,2.7,1,0,0,0,0,0,0,3
36,73,2,2.8,1,0,0,0,0,1,1,3
63,41,2,1.1,1,0,0,0,0,0,0,3
63,52,2,1.1,1,0,0,0,0,1,1,3
54,23,2,0.4,1,0,0,0,0,0,0,3
31,115,2,1.5,3,189,0,0,0,1,0,3
64,18,2,0.3,3,0,0,1,1,1,1,3
57,80,2,2.8,1,0,0,0,0,1,1,3
34,38,2,2.0,3,0,0,0,0,1,1,3
40,28,2,0.8,3,0,0,0,0,0,0,3
57,38,2,2.1,3,0,0,0,0,0,0,3
43,13,2,0.1,2,0,0,0,1,1,1,3
32,122,2,1.3,1,0,0,0,0,1,1,3
52,39,2,0.8,1,0,0,0,0,1,0,3
58,80,2,1.6,1,0,0,0,0,1,1,3
48,114,2,3.8,3,0,0,1,0,0,0,3
30,95,2,0.2,1,0,0,1,0,1,0,3
53,50,2,0.8,3,0,0,0,0,1,0,3
39,61,2,2.4,2,90,0,0,0,1,0,3
30,194,2,4.5,1,0,0,0,0,0,1,3
28,120,2,0.6,1,0,0,0,0,1,0,3
46,142,2,3.3,1,0,0,0,0,0,0,3
58,25,2,0.3,1,123,0,0,0,1,0,3
64,52,2,1.1,1,226,0,0,0,0,0,3
35,41,2,1.0,2,0,0,0,0,1,1,3
28,25,2,0.9,3,140,0,0,0,1,0,3
61,83,2,1.7,3,245,0,0,0,1,0,3
41,41,2,2.4,2,105,0,0,0,0,0,3
28,95,2,1.8,2,0,0,0,0,0,0,3
47,85,2,1.7,2,0,0,0,0,0,1,3
62,39,2,2.8,1,113,0,0,1,1,1,3
45,23,2,0.1,3,91,0,0,1,1,1,3
32,141,2,4.33333333333333,1,0,0,0,0,0,0,3
25,91,2,1.8,2,321,0,0,0,0,0,3
34,64,2,0.1,1,224,0,0,0,1,1,3
49,163,2,0.4,1,0,0,1,0,0,0,3
29,154,2,2.0,1,130,0,0,0,0,0,3
62,50,2,1.1,1,0,0,0,0,0,1,3
33,65,2,0.1,1,89,0,0,0,1,0,3
52,63,2,1.5,2,0,0,1,0,1,0,3
32,18,2,0.3,2,0,0,0,0,1,0,3
24,39,2,1.7,2,0,0,0,0,0,0,3
52,55,2,3.2,3,151,0,0,0,0,0,3
41,38,2,0.7,1,91,0,0,0,1,0,3
62,89,2,2.0,1,0,0,0,0,1,1,3
42,14,2,0.1,2,0,0,0,0,1,0,3
41,111,2,0.4,1,0,0,0,0,0,0,3
32,41,2,1.0,2,112,0,1,0,1,0,3
30,101,2,0.6,1,0,0,0,0,1,0,3
64,42,2,0.7,3,137,0,0,0,1,0,3
55,49,2,0.8,3,220,0,0,0,0,1,3
51,21,2,0.4,3,76,0,1,0,1,0,3
50,45,2,0.6,3,0,0,0,0,0,0,3
61,74,2,0.7,2,0,0,0,0,1,1,3
30,25,2,0.3,1,0,0,1,0,1,0,3
35,103,2,4.5,3,0,0,0,0,1,0,3
24,35,2,1.7,2,0,0,0,0,0,0,3
41,10,2,0.3,2,0,0,0,0,1,0,3
40,82,2,0.4,1,0,0,0,0,0,0,3
46,154,2,2.8,1,94,0,0,0,0,0,3
50,32,2,0.7,2,0,0,0,0,1,0,3
52,114,2,2.4,2,0,0,0,0,0,0,3
38,191,2,3.0,1,0,0,0,0,1,0,3
57,40,2,0.3,1,0,0,1,1,1,1,3
50,15,2,1.0,2,101,0,0,0,0,0,3
62,39,2,0.3,1,0,0,0,0,1,0,3
40,109,2,2.2,1,0,0,0,0,1,0,3
44,39,2,2.1,3,119,0,0,0,0,0,3
38,59,2,2.4,2,0,0,0,0,0,0,3
56,122,2,0.5,1,0,0,0,0,0,1,3
45,62,2,2.2,3,0,0,0,0,1,0,3
60,64,2,1.7,3,0,0,0,0,0,1,3
44,78,2,3.8,3,268,0,0,0,0,0,3
45,40,2,1.3,1,0,0,0,0,0,1,3
38,92,2,0.0,1,249,0,0,0,1,1,3
43,54,2,1.7,1,0,0,0,0,1,0,3
35,81,2,0.0,1,0,0,0,0,1,1,3
63,45,2,1.0,3,88,0,0,0,1,1,3
48,10,2,0.7,3,0,0,0,0,1,1,3
59,25,2,0.3,1,75,0,0,0,1,0,3
50,18,2,0.0,1,0,0,0,0,0,1,3
56,24,2,0.4,3,88,0,0,0,0,0,3
39,91,2,1.7,2,151,0,0,0,0,0,3
35,83,2,4.5,3,0,0,0,0,1,0,3
31,25,2,1.0,2,0,0,1,1,1,1,3
54,159,2,0.5,1,461,0,0,0,1,0,3
37,30,2,0.3,1,146,0,0,0,0,0,3
56,21,2,0.2,3,137,0,0,1,1,1,3
27,104,2,2.5,1,184,0,1,0,1,0,3
48,48,2,2.1,3,0,0,0,0,1,0,3
42,49,2,1.7,1,106,0,0,0,0,1,3
49,108,2,2.4,2,0,0,0,0,1,0,3
38,52,2,2.4,2,147,0,0,0,0,0,3
52,33,2,0.7,2,0,0,0,0,0,1,3
64,92,2,0.0,3,185,0,1,0,1,0,3
60,110,2,2.0,1,0,0,0,0,1,0,3
50,14,2,0.7,3,0,0,1,0,1,0,3
40,43,2,1.1,2,0,0,0,0,0,1,3
45,42,2,2.5,1,0,0,1,0,1,0,3
37,190,2,3.0,1,475,0,0,0,1,0,3
58,28,2,0.3,1,148,0,0,0,0,0,3
56,32,2,0.8,1,79,0,1,0,1,0,3
62,69,2,1.7,3,0,0,0,0,1,0,3
34,82,2,1.5,3,0,0,1,1,1,1,3
57,25,2,0.2,3,0,0,0,0,1,1,3
46,73,2,1.7,1,216,0,0,0,1,0,3
39,22,2,0.3,2,0,0,0,0,1,0,3
46,69,2,1.7,1,209,0,0,0,0,0,3
58,163,2,0.5,1,400,0,0,0,0,0,3
58,128,2,2.7,1,344,0,0,0,0,0,3
30,85,2,2.5,1,293,0,1,1,1,1,3
59,91,2,1.6,1,0,0,1,0,0,1,3
29,135,2,0.6,1,0,0,0,0,0,0,3
54,22,2,0.4,1,89,0,0,0,1,0,3
39,81,2,2.8,1,0,0,0,0,1,0,3
42,19,2,0.0,3,85,0,0,0,1,1,3
59,24,2,0.2,3,86,0,0,0,1,0,3
57,93,2,1.6,1,161,0,0,0,0,0,3
60,39,2,1.6,3,0,0,0,0,1,0,3
33,45,2,0.1,1,0,0,0,0,0,1,3
43,53,2,0.7,1,130,0,1,0,1,0,3
39,28,2,1.4,2,108,0,0,0,0,1,3
39,25,2,0.8,3,0,0,0,0,0,0,3
40,54,2,0.7,1,0,0,0,0,0,0,3
40,175,2,3.3,1,0,0,0,0,1,0,3
52,38,2,0.8,1,0,0,0,0,0,1,3
41,48,2,0.6,3,215,0,0,0,0,1,3
32,82,2,2.5,1,221,0,0,0,1,1,3
28,121,2,2.0,1,341,0,0,0,1,0,3
46,9,2,0.7,3,0,0,0,0,1,0,3
32,25,2,0.3,1,0,0,0,0,0,1,3
62,35,2,0.7,3,0,0,1,0,0,1,3
64,90,2,0.0,3,134,0,0,0,0,0,3
39,10,2,0.3,2,0,0,1,0,0,1,3
28,51,2,1.6,3,123,0,0,0,0,0,3
43,82,2,1.8,2,0,0,0,0,1,1,3
34,82,2,1.8,1,178,0,0,0,1,1,3
48,168,2,2.8,1,308,0,0,0,1,0,3
30,154,2,4.5,1,207,0,0,0,1,0,3
40,8,2,0.1,2,0,0,0,0,0,0,3
29,22,2,0.9,3,110,0,0,0,0,0,3
53,51,2,3.2,3,0,0,0,0,1,0,3
60,31,2,1.0,3,0,0,0,0,0,0,3
24,150,2,2.0,1,0,0,0,0,1,0,3
55,131,2,2.7,1,0,0,1,0,0,0,3
55,91,2,2.8,1,0,0,0,0,1,0,3
38,173,2,3.3,1,243,0,0,0,0,0,3
64,63,2,1.7,3,184,0,1,0,1,0,3
59,88,2,1.6,1,0,0,0,0,0,1,3
52,30,2,0.7,2,0,0,0,0,1,1,3
43,45,2,0.7,1,0,0,0,0,0,0,3
30,25,2,0.3,2,0,0,0,0,0,0,3
37,70,2,2.7,1,0,0,0,0,0,0,3
36,49,2,1.66666666666666,2,0,0,0,0,0,1,3
36,35,2,0.3,1,98,0,0,0,1,0,3
43,118,2,3.3,1,0,0,0,0,0,1,3
64,32,2,0.3,1,0,0,0,0,1,1,3
30,83,2,1.5,3,199,0,0,0,0,1,3
32,32,2,1.0,2,103,0,0,1,1,1,3
55,84,2,0.0,3,0,0,0,0,0,0,3
26,18,2,0.9,3,95,0,0,0,0,0,3
45,151,2,3.3,1,328,0,0,0,0,0,3
49,81,2,0.8,3,0,0,0,0,0,0,3
57,82,2,2.0,1,83,0,0,0,0,1,3
37,89,2,1.7,2,0,0,0,0,1,0,3
32,111,2,1.5,3,0,0,0,0,0,0,3
66,95,2,0.0,3,0,0,0,0,1,0,3
60,33,2,0.5,2,0,0,0,0,1,0,3
43,113,2,0.4,1,325,0,1,0,0,0,3
25,14,2,0.9,3,0,0,0,0,0,1,3
24,80,2,1.6,3,0,0,0,0,1,0,3
39,31,2,0.8,3,0,0,0,0,0,0,3
57,25,2,0.7,2,103,0,0,0,0,0,3
40,42,2,0.3,1,187,0,0,0,1,0,3
30,98,2,3.1,1,220,0,0,0,1,0,3
60,64,2,2.8,1,0,0,0,0,0,0,3
30,63,2,1.75,3,0,0,0,0,1,0,3
33,19,2,1.0,2,92,0,0,0,1,0,3
54,28,2,0.8,1,0,0,0,0,1,0,3
37,84,2,1.8,1,0,0,0,0,1,1,3
35,20,2,1.4,3,0,0,0,0,1,1,3
52,44,2,0.8,3,148,0,0,0,0,1,3
58,85,2,2.0,1,161,0,1,1,1,1,3
62,105,2,2.8,1,336,0,0,0,0,0,3
43,19,2,0.3,2,0,0,0,0,1,0,3
41,25,2,0.1,2,91,0,1,0,0,0,3
38,12,2,0.3,2,104,0,1,0,1,0,3
55,40,2,2.3,3,0,0,0,0,1,0,3
29,62,2,2.5,1,184,0,0,0,1,0,3
50,13,2,0.7,3,0,0,0,0,0,0,3
53,84,2,1.1,1,0,0,0,0,1,0,3
36,40,2,1.66666666666666,2,129,0,1,0,1,0,3
34,83,2,2.0,2,148,0,0,0,0,0,3
61,91,2,2.0,1,0,0,0,0,1,0,3
39,24,2,0.3,2,0,0,0,0,0,0,3
41,35,2,1.4,2,135,0,0,0,0,0,3
51,12,2,0.2,1,0,0,0,0,0,0,3
35,43,2,1.66666666666666,2,0,0,0,0,0,0,3
63,21,2,0.4,1,0,0,0,0,1,0,3
51,12,2,0.7,3,109,0,0,0,1,1,3
55,91,2,2.8,1,0,0,0,0,0,0,3
57,42,2,2.1,3,0,0,0,0,1,0,3
27,109,2,2.5,1,0,0,0,0,1,0,3
51,20,2,0.0,1,0,0,0,0,0,0,3
59,68,2,2.3,3,0,0,1,0,0,0,3
28,134,2,3.1,1,0,0,0,0,1,0,3
39,58,2,2.4,2,0,0,0,0,1,0,3
39,79,2,1.8,2,219,0,0,0,0,0,3
41,25,2,0.1,2,0,0,0,0,0,1,3
39,39,2,0.8,3,0,0,0,0,0,0,3
67,41,2,1.1,1,0,0,0,0,0,0,3
54,81,2,0.0,3,0,0,0,0,1,0,3
63,44,2,1.0,3,0,0,0,0,1,0,3
58,39,2,2.3,3,0,0,0,0,1,0,3
66,30,2,0.7,3,86,0,0,0,0,0,3
27,125,2,0.6,1,0,0,0,0,0,0,3
61,13,2,0.3,3,0,0,0,0,1,0,3
53,48,2,1.9,2,0,0,0,0,1,0,3
26,119,2,0.6,1,381,0,0,0,1,1,3
33,80,2,1.5,3,0,0,0,0,1,1,3
55,40,2,2.3,3,0,0,1,0,1,0,3
45,39,2,2.1,3,0,0,0,0,0,1,3
41,40,2,2.5,1,0,0,0,1,1,1,3
40,60,2,3.2,1,0,0,0,0,0,0,3
32,134,2,3.3,1,0,0,0,0,1,0,3
62,78,2,0.0,3,0,0,0,0,1,0,3
61,20,2,0.3,3,0,0,0,0,1,0,3
28,48,2,1.75,3,89,0,0,0,1,0,3
56,113,2,2.7,1,352,0,0,0,0,1,3
35,90,2,0.0,1,0,0,0,0,0,0,3
60,83,2,2.0,1,249,0,0,0,0,0,3
42,23,2,0.0,3,0,0,0,0,0,0,3
49,23,2,1.0,2,0,0,0,0,1,1,3
58,24,2,0.5,2,0,0,0,0,1,0,3
26,85,2,1.6,3,0,0,0,0,1,1,3
41,92,2,1.9,1,131,0,0,0,1,0,3
42,25,2,0.8,3,0,0,0,0,0,1,3
62,115,2,2.8,1,202,0,0,0,1,1,3
29,124,2,0.2,1,0,0,0,0,0,1,3
50,42,2,1.0,3,78,0,1,0,1,0,3
40,65,2,3.2,1,0,0,0,0,1,0,3
40,22,2,1.4,3,0,0,0,0,0,0,3
62,41,2,1.0,3,154,0,1,0,1,0,3
47,90,2,0.8,3,0,0,0,0,0,0,3
62,85,2,1.7,3,98,0,0,0,0,0,3
48,83,2,0.4,3,248,0,0,0,1,0,3
58,73,2,0.7,2,0,0,0,0,1,1,3
53,43,2,2.1,3,0,0,0,1,1,1,3
42,63,2,2.2,3,0,0,0,0,1,0,3
31,64,2,2.5,1,0,0,0,0,1,0,3
37,83,2,1.7,2,0,0,0,0,0,1,3
60,85,2,2.0,1,0,0,0,0,1,0,3
61,61,2,2.8,1,153,0,0,0,0,1,3
51,14,2,0.0,1,103,0,0,0,1,0,3
60,51,2,2.8,1,0,0,0,0,1,0,3
59,43,2,0.3,1,0,0,0,0,0,1,3
44,113,2,3.3,1,0,0,0,0,1,1,3
45,39,2,2.1,3,184,0,0,0,0,1,3
60,102,2,2.0,1,0,0,0,0,1,1,3
57,34,2,2.0,2,0,0,1,0,0,0,3
55,73,2,2.3,3,0,0,0,0,1,1,3
55,134,2,0.3,1,0,0,0,0,0,0,3
51,10,2,0.2,1,86,0,0,0,0,0,3
39,155,2,3.9,1,0,0,0,0,1,0,3
62,75,2,1.7,3,0,0,0,0,0,0,3
55,42,2,2.0,2,196,0,0,0,0,1,3
31,70,2,1.75,3,0,0,0,1,1,1,3
28,103,2,2.5,1,0,0,0,0,1,1,3
53,14,2,1.0,2,83,0,0,0,0,0,3
47,105,2,3.3,1,0,0,0,0,0,0,3
45,59,2,2.5,1,155,0,0,0,1,0,3
28,93,2,0.2,1,0,0,0,0,0,0,3
49,25,2,0.7,3,0,0,0,0,1,0,3
54,31,2,0.4,3,0,0,0,0,0,0,3
40,171,2,3.3,1,0,0,0,0,1,0,3
28,188,2,4.5,1,0,0,1,0,1,0,3
64,59,2,1.5,1,139,0,0,0,1,0,3
40,104,2,1.8,2,0,0,0,0,0,0,3
44,150,2,3.3,1,0,0,0,0,0,1,3
58,113,2,1.4,1,270,0,0,0,0,1,3
35,85,2,1.8,1,0,0,0,0,0,0,3
23,82,2,1.8,2,0,0,1,0,0,1,3
34,92,2,2.7,1,0,0,1,1,0,1,3
30,141,2,4.33333333333333,1,0,0,0,0,1,0,3
35,83,2,2.2,1,0,0,0,0,0,0,3
58,92,2,2.8,1,103,0,0,0,0,0,3
53,25,2,0.4,1,0,0,0,0,1,0,3
40,58,2,2.8,1,0,0,0,0,1,0,3
56,90,2,0.3,1,0,0,0,0,1,1,3
57,23,2,0.2,3,0,0,0,0,0,0,3
55,140,2,2.7,1,0,0,0,0,1,0,3
53,41,2,0.6,3,193,0,0,0,0,0,3
53,44,2,0.6,3,0,0,0,0,1,1,3
52,25,2,0.0,1,0,0,0,0,1,1,3
61,30,2,0.2,3,0,0,0,0,1,0,3
54,92,2,1.1,1,0,0,0,0,1,0,3
40,161,2,3.3,1,0,0,1,0,0,1,3
66,42,2,0.7,3,138,0,0,0,0,1,3
57,81,2,3.7,1,226,0,0,0,1,1,3
33,39,2,2.0,3,0,0,0,0,0,0,3
53,41,2,0.8,1,0,0,0,0,1,0,3
58,111,2,1.4,1,298,0,0,0,1,0,3
43,81,2,3.2,1,0,0,0,0,0,0,3
28,140,2,2.0,1,0,0,0,0,1,0,3
58,145,2,0.5,1,119,0,0,0,1,0,3
35,48,2,1.0,2,0,0,0,0,1,0,3
61,29,2,0.5,2,0,0,0,0,1,0,3
55,50,2,2.1,3,0,0,0,0,1,0,3
43,22,2,0.0,3,0,0,0,0,0,0,3
28,74,2,1.8,2,221,0,1,0,0,0,3
60,22,2,1.0,1,0,0,1,1,1,1,3
42,98,2,0.4,1,0,0,0,0,1,1,3
40,125,2,2.2,1,0,0,0,0,1,0,3
27,85,2,1.6,3,0,0,0,0,0,0,3
39,15,2,0.3,2,92,0,0,0,0,0,3
38,19,2,1.4,2,120,0,0,0,0,1,3
53,132,2,0.3,1,403,0,0,0,0,0,3
58,51,2,1.9,2,0,0,0,0,0,0,3
43,98,2,0.4,1,0,0,0,0,1,0,3
62,92,2,0.7,2,0,0,0,0,1,0,3
30,121,2,3.1,1,408,0,0,0,1,0,3
56,73,2,1.1,1,0,0,0,0,0,0,3
66,53,2,1.1,1,0,0,0,0,1,1,3
58,73,2,2.3,3,224,0,0,0,1,1,3
64,22,2,0.2,3,0,0,1,0,0,0,3
34,90,2,2.7,1,0,0,0,0,1,0,3
36,152,2,3.9,1,159,0,0,0,0,1,3
46,43,2,2.1,3,0,0,1,1,1,1,3
37,58,2,0.6,3,0,0,0,0,0,1,3
64,91,2,0.0,3,0,0,0,0,1,1,3
46,82,2,1.7,2,0,0,0,0,1,1,3
50,23,2,1.0,2,0,0,1,0,0,0,3
53,41,2,0.6,3,0,0,1,0,0,0,3
44,18,2,0.1,3,0,0,0,0,1,0,3
62,23,2,0.3,3,0,0,0,0,0,0,3
61,25,2,0.5,2,0,0,0,0,1,1,3
29,50,2,1.75,3,0,0,0,0,0,1,3
56,34,2,0.7,2,0,0,0,0,1,0,3
33,53,2,1.0,2,96,0,0,0,0,1,3
44,14,2,0.1,3,98,0,0,0,0,1,3
60,10,2,1.0,1,0,0,0,0,1,1,3
32,71,2,1.75,3,108,0,0,0,0,0,3
63,41,2,1.5,1,173,0,0,0,1,1,3
37,40,2,1.1,2,0,0,1,0,0,1,3
54,48,2,2.1,3,142,0,0,0,1,0,3
26,24,2,0.9,3,123,0,0,0,0,1,3
63,25,2,0.2,3,0,0,0,0,1,0,3
34,88,2,0.0,1,121,0,0,0,1,0,3
45,154,2,2.8,1,0,0,1,0,1,0,3
48,71,2,1.7,1,145,0,0,0,0,1,3
45,58,2,0.4,3,0,0,1,0,0,1,3
30,34,2,0.3,2,0,0,0,0,1,1,3
48,14,2,0.1,3,0,0,0,0,1,0,3
46,13,2,0.7,3,0,0,0,0,1,0,3
39,94,2,1.9,1,0,0,0,0,1,0,3
47,35,2,1.3,1,0,0,0,0,1,0,3
39,123,2,2.2,1,92,0,0,0,0,1,3
58,114,2,2.0,1,402,0,0,0,1,0,3
55,112,2,1.4,1,0,0,0,0,1,0,3
38,24,2,0.8,3,0,0,0,0,1,1,3
26,53,2,1.6,3,0,0,0,0,1,0,3
49,82,2,2.4,2,0,0,0,0,0,0,3
50,128,2,0.4,1,0,0,0,0,1,0,3
41,24,2,0.8,3,0,0,1,0,1,0,3
36,40,2,0.6,3,0,0,0,0,1,1,3
51,62,2,3.2,3,118,0,0,0,0,1,3
52,39,2,0.7,2,166,0,0,0,1,0,3
31,78,2,0.2,1,0,0,0,0,0,1,3
62,84,2,2.8,1,0,0,0,0,1,0,3
45,85,2,1.7,2,0,0,0,0,1,0,3
55,20,2,0.3,1,0,0,0,0,1,0,3
59,34,2,0.3,1,0,0,0,0,0,0,3
37,95,2,1.7,2,83,0,0,0,0,0,3
27,103,2,0.6,1,84,0,0,0,0,0,3
33,145,2,4.33333333333333,1,277,0,0,0,0,1,3
30,124,2,0.6,1,0,0,0,0,1,0,3
52,33,2,2.0,2,0,0,0,0,1,0,3
26,82,2,2.5,1,199,0,0,0,0,0,3
29,102,2,3.3,1,303,0,0,0,0,0,3
48,84,2,0.4,3,145,0,0,0,0,0,3
29,121,2,1.3,1,0,0,0,0,0,0,3
35,55,2,1.66666666666666,2,0,0,0,0,1,0,3
26,54,2,1.6,3,0,0,1,0,0,0,3
49,65,2,1.0,3,0,0,0,0,1,1,3
50,9,2,1.0,2,0,0,0,0,1,0,3
53,92,2,1.1,1,0,0,1,0,0,0,3
37,132,2,3.9,1,0,0,0,0,0,0,3
29,121,2,3.3,1,0,0,0,0,1,0,3
28,45,2,1.6,3,0,0,0,0,1,1,3
44,91,2,0.8,3,0,0,0,0,1,0,3
54,12,2,0.2,3,0,0,0,0,1,0,3
52,149,2,0.4,1,0,0,0,0,0,0,3
41,81,2,0.4,1,146,0,0,0,1,1,3
46,113,2,3.3,1,0,0,0,0,0,1,3
41,55,2,1.7,1,0,0,0,0,0,0,3
38,15,2,0.1,2,90,0,0,0,1,0,3
55,54,2,2.3,3,93,0,0,0,0,0,3
63,20,2,0.4,1,76,0,0,0,0,0,3
61,113,2,2.8,1,0,0,0,0,0,0,3
35,43,2,0.3,1,0,0,0,0,1,0,3
51,12,2,0.4,1,0,0,0,0,0,1,3
58,28,2,0.5,2,146,0,1,0,1,0,3
26,88,2,1.8,2,0,0,0,0,0,0,3
54,40,2,1.0,3,0,0,0,0,0,0,3
55,99,2,1.4,1,264,0,0,0,1,1,3
63,24,2,0.3,3,0,0,0,0,0,0,3
56,43,2,0.3,1,0,0,1,0,0,0,3
40,50,2,0.6,3,0,0,0,0,0,0,3
35,25,2,1.0,2,0,0,0,0,0,0,3
34,180,1,8.9,3,0,1,0,0,0,0,4
38,130,4,4.7,3,134,1,0,0,0,0,4
46,193,2,8.1,3,0,1,0,0,0,0,4
38,119,1,3.3,2,0,1,0,1,1,1,4
32,132,4,1.1,2,412,1,0,0,1,0,4
37,194,4,0.2,3,211,1,1,1,1,1,4
50,190,3,2.1,3,240,1,0,0,1,0,4
56,131,2,1.2,3,0,1,0,0,0,0,4
31,135,4,3.8,2,0,1,0,1,1,1,4
54,133,2,2.6,3,0,1,0,0,0,0,4
55,118,4,5.6,2,0,1,0,0,1,0,4
58,149,4,7.2,2,0,1,0,1,1,1,4
26,132,3,6.5,3,0,1,0,0,0,1,4
29,134,4,6.5,3,0,1,0,0,0,0,4
42,168,2,7.9,2,0,1,0,0,1,0,4
29,148,3,4.1,1,0,1,0,0,1,0,4
46,159,3,1.9,3,315,1,0,0,1,0,4
36,158,1,5.1,3,0,1,0,1,1,1,4
64,172,4,3.1,1,282,1,0,1,1,1,4
65,170,3,7.9,3,99,1,0,1,1,0,4
53,120,4,2.7,2,111,1,1,1,1,0,4
54,170,2,6.2,2,325,1,0,0,1,0,4
65,134,3,3.9,3,121,1,0,0,1,0,4
42,111,2,1.2,3,251,1,0,0,1,0,4
44,172,2,4.3,3,391,1,1,1,1,0,4
41,159,1,5.5,3,0,1,0,1,1,0,4
49,195,4,3.0,1,617,1,0,0,0,0,4
57,165,1,1.6,2,0,1,0,0,1,0,4
44,101,3,4.4,2,82,1,0,0,0,0,4
56,158,4,6.1,1,0,1,0,0,0,0,4
40,173,4,6.6,1,0,1,0,1,1,1,4
26,60,2,3.0,1,132,1,0,0,0,0,4
28,155,4,5.3,2,0,1,0,0,1,0,4
57,174,1,6.8,2,466,1,0,0,1,0,4
65,133,4,2.0,1,0,1,0,0,0,1,4
54,100,4,3.4,3,0,1,0,0,0,0,4
36,179,3,6.6,1,0,1,0,0,1,0,4
58,113,2,3.8,2,119,1,0,1,1,1,4
58,122,1,3.0,3,115,1,0,0,1,0,4
29,183,3,8.3,3,0,1,0,0,1,0,4
48,149,2,5.5,2,0,1,1,1,1,0,4
43,83,4,3.6,3,0,1,0,0,0,1,4
64,182,1,1.2,2,547,1,0,0,1,0,4
56,173,1,4.6,2,88,1,0,1,1,0,4
36,69,3,3.1,2,0,1,0,0,1,0,4
64,122,4,0.2,1,378,1,0,0,1,0,4
44,131,1,4.9,3,0,1,0,0,1,0,4
53,175,3,3.6,3,0,1,0,1,1,1,4
48,152,1,3.5,3,0,1,0,0,1,0,4
28,170,1,0.1,3,0,1,0,0,0,0,4
57,165,4,2.7,3,0,1,0,0,1,0,4
47,122,1,5.1,3,163,1,1,0,0,0,4
54,129,4,4.2,3,0,1,0,0,0,0,4
65,185,3,2.0,2,0,1,0,0,0,0,4
35,109,3,4.0,1,0,1,0,0,0,0,4
45,132,3,1.2,2,0,1,0,1,1,1,4
61,152,3,3.3,3,0,1,0,0,1,0,4
64,138,2,2.8,2,0,1,0,0,1,0,4
47,109,4,1.8,1,0,1,0,0,0,0,4
26,172,2,6.9,2,0,1,0,0,1,0,4
54,165,1,4.1,3,0,1,0,1,1,1,4
53,192,2,6.4,3,0,1,0,0,0,0,4
56,158,3,3.7,3,0,1,0,0,1,0,4
54,194,3,6.0,3,587,1,1,1,1,1,4
45,202,3,10.0,3,0,1,0,0,0,0,4
55,132,3,5.9,2,307,1,0,0,0,0,4
50,130,1,1.1,2,0,1,0,0,1,0,4
36,150,4,5.4,1,0,1,1,1,1,0,4
63,124,3,5.0,2,170,1,0,0,0,0,4
57,182,2,3.3,3,372,1,0,0,0,0,4
32,120,4,5.4,1,301,1,0,1,1,1,4
50,161,3,3.4,1,212,1,0,0,1,0,4
65,195,3,0.4,1,0,1,1,1,0,1,4
65,95,3,3.7,2,138,1,0,0,0,1,4
61,193,1,4.7,3,203,1,0,0,1,0,4
38,129,4,4.4,1,140,1,0,0,0,0,4
59,83,2,3.4,3,0,1,0,0,1,0,4
37,169,2,5.2,3,249,1,0,0,1,0,4
62,135,2,5.2,2,0,1,0,0,1,0,4
63,83,2,3.4,1,0,1,0,0,0,0,4
36,142,3,2.3,2,0,1,0,1,1,1,4
44,99,3,3.5,3,357,1,0,0,0,0,4
50,192,2,1.8,3,301,1,0,1,1,1,4
27,118,1,3.3,2,0,1,0,0,1,0,4
58,122,4,0.2,2,0,1,0,1,1,0,4
56,145,4,5.7,2,0,1,0,1,1,1,4
41,175,2,1.1,3,0,1,0,0,1,0,4
53,145,2,6.1,3,294,1,0,1,1,1,4
47,83,1,3.8,1,97,1,0,0,0,0,4
41,138,3,6.9,2,0,1,0,0,1,0,4
30,125,4,0.5,3,0,1,0,1,1,0,4
44,75,2,3.5,1,0,1,0,0,1,0,4
60,191,4,5.6,3,0,1,0,0,0,0,4
50,188,3,1.3,1,184,1,0,0,0,1,4
35,182,1,0.3,2,229,1,0,1,1,1,4
32,104,2,3.7,1,0,1,0,0,0,1,4
30,171,2,1.9,2,0,1,0,0,0,0,4
30,73,3,3.3,1,0,1,0,1,1,1,4
51,134,4,4.5,3,0,1,1,1,1,0,4
32,143,3,2.9,3,0,1,0,0,1,0,4
33,120,1,3.2,3,0,1,0,0,1,0,4
36,181,3,1.4,1,0,1,0,0,0,0,4
41,94,3,3.8,2,327,1,1,1,1,0,4
30,112,4,5.0,2,0,1,0,0,0,1,4
28,71,1,3.3,2,149,1,1,1,1,0,4
32,123,2,2.9,2,0,1,0,0,1,0,4
26,190,4,1.3,2,197,1,0,0,1,0,4
63,165,4,5.1,3,0,1,0,0,0,0,4
30,118,2,2.8,2,0,1,0,0,0,0,4
33,130,3,6.3,2,99,1,0,0,0,1,4
60,130,3,6.3,3,437,1,0,1,1,1,4
38,113,4,1.7,2,0,1,0,0,0,1,4
56,164,4,0.5,2,234,1,0,1,1,1,4
31,192,1,0.0,2,0,1,0,0,1,0,4
60,145,4,6.9,1,380,1,0,0,0,1,4
26,179,4,2.1,2,0,1,0,0,0,0,4
52,180,2,9.0,2,297,1,0,0,1,0,4
26,171,3,6.0,2,0,1,0,0,1,0,4
39,139,3,3.4,1,483,1,0,0,1,0,4
60,135,3,0.3,3,0,1,0,0,1,0,4
50,179,1,2.9,3,0,1,0,0,0,1,4
47,190,4,0.3,3,305,1,0,0,0,0,4
55,172,1,5.2,2,0,1,0,0,0,0,4
46,183,1,3.1,2,0,1,0,1,1,1,4
63,101,2,3.9,3,294,1,0,0,1,0,4
40,129,1,5.9,3,0,1,0,0,1,0,4
65,184,1,5.4,3,176,1,0,1,1,1,4
65,154,2,4.6,2,0,1,1,1,1,1,4
60,154,1,3.0,2,0,1,1,1,1,0,4
65,160,4,3.8,1,237,1,0,0,1,0,4
35,141,2,4.5,2,0,1,0,0,0,0,4
52,91,1,4.3,2,0,1,0,1,1,1,4
30,191,2,4.4,2,0,1,0,0,1,0,4
43,64,4,3.0,3,221,1,0,0,1,0,4
40,155,4,0.1,3,0,1,0,1,1,1,4
59,102,4,3.0,2,115,1,0,0,1,0,4
41,114,4,3.5,1,0,1,0,0,0,1,4
34,65,1,3.0,1,227,1,0,0,1,0,4
43,170,4,4.25,1,318,1,0,1,1,1,4
61,184,4,2.3,2,342,1,0,1,1,1,4
57,124,1,0.2,2,0,1,0,0,1,0,4
56,192,1,7.0,3,0,1,0,1,1,0,4
36,138,1,7.0,3,86,1,0,0,1,0,4
55,111,2,3.6,3,0,1,0,0,0,1,4
48,84,4,3.1,2,0,1,1,1,1,0,4
53,154,4,7.4,3,0,1,0,0,0,0,4
61,153,1,2.6,2,0,1,1,1,0,1,4
31,93,2,3.1,2,0,1,0,0,1,0,4
30,193,3,6.3,3,0,1,0,0,1,0,4
58,152,4,3.6,3,0,1,0,0,0,0,4
62,158,2,6.3,3,0,1,0,0,1,0,4
48,182,4,6.0,3,0,1,0,0,1,0,4
33,139,1,4.0,3,106,1,0,1,1,1,4
51,190,2,4.2,2,0,1,0,0,1,0,4
48,173,3,0.2,1,0,1,0,1,1,1,4
37,139,2,0.8,2,421,1,0,0,1,0,4
57,114,4,5.2,1,0,1,1,1,1,0,4
43,125,3,2.4,1,0,1,0,0,1,0,4
54,119,3,2.0,1,0,1,1,1,0,0,4
44,171,4,0.7,1,567,1,0,1,1,1,4
35,113,3,0.8,3,0,1,0,0,1,0,4
56,98,3,3.9,3,0,1,0,0,0,0,4
48,112,1,5.1,2,86,1,1,1,1,0,4
49,194,4,8.3,2,0,1,0,0,0,1,4
56,161,1,5.8,3,0,1,1,0,0,0,4
34,178,1,0.8,3,0,1,0,0,0,0,4
56,125,3,0.6,1,342,1,0,1,1,1,4
56,111,4,0.3,1,372,1,1,1,1,0,4
42,191,3,4.8,2,0,1,1,1,1,0,4
57,134,4,0.9,1,198,1,0,0,1,0,4
39,118,2,6.0,3,246,1,0,1,1,1,4
34,191,1,4.8,3,0,1,0,1,1,1,4
51,181,1,3.3,3,589,1,1,1,1,0,4
56,103,3,4.0,3,0,1,0,0,0,0,4
44,128,2,3.25,2,0,1,0,0,0,1,4
30,142,3,4.2,1,359,1,0,0,0,0,4
47,170,2,6.5,2,0,1,0,1,1,1,4
46,103,4,4.8,3,0,1,0,0,1,0,4
36,113,4,0.2,1,0,1,0,0,0,0,4
45,180,3,8.5,2,535,1,0,0,0,0,4
43,161,3,8.0,2,0,1,0,1,1,1,4
63,134,3,4.0,2,0,1,0,0,0,1,4
63,159,4,4.9,2,111,1,0,0,0,0,4
34,160,4,8.0,3,0,1,0,0,0,1,4
51,188,2,6.9,2,343,1,0,0,1,0,4
47,174,4,3.2,3,0,1,0,0,0,0,4
35,203,1,10.0,3,0,1,0,0,0,0,4
47,178,1,6.5,3,0,1,0,0,0,0,4
50,115,1,1.2,3,0,1,0,0,0,1,4
33,168,3,5.666666667,2,0,1,1,1,1,0,4
50,83,4,3.1,1,0,1,0,0,0,1,4
37,158,2,2.3,2,0,1,0,1,1,1,4
62,183,2,3.4,3,0,1,0,0,0,0,4
34,123,1,1.6,2,0,1,0,0,1,0,4
51,189,4,4.75,2,0,1,0,0,1,0,4
48,162,4,3.3,2,446,1,0,1,1,0,4
35,190,3,3.1,2,266,1,0,0,0,0,4
30,150,4,5.0,2,0,1,0,0,1,0,4
55,131,2,0.7,2,0,1,0,0,0,1,4
38,168,2,1.3,3,0,1,0,0,0,0,4
27,105,1,3.0,2,0,1,1,0,0,0,4
29,172,4,4.4,1,0,1,0,0,0,0,4
48,114,1,2.4,3,0,1,0,0,1,0,4
57,170,2,2.1,2,0,1,0,0,0,0,4
27,170,3,4.7,1,0,1,0,0,1,0,4
52,182,2,1.4,2,0,1,0,0,1,0,4
43,201,1,10.0,2,0,1,0,0,0,1,4
31,184,4,3.4,2,0,1,0,1,1,1,4
36,123,2,5.6,2,0,1,0,1,1,1,4
36,109,3,0.5,3,0,1,1,1,1,0,4
33,184,2,4.8,2,0,1,0,0,0,0,4
46,185,4,7.5,2,428,1,0,0,0,1,4
43,125,4,3.5,2,0,1,0,0,0,0,4
39,138,1,4.666666667,2,0,1,0,0,1,0,4
61,169,2,6.1,3,106,1,0,1,1,1,4
38,140,4,0.5,1,0,1,0,0,0,0,4
39,108,4,3.666666667,2,301,1,0,0,0,1,4
37,123,1,2.3,2,0,1,1,1,1,0,4
28,161,4,1.7,3,422,1,0,1,1,1,4
34,164,4,7.4,3,0,1,0,0,1,0,4
58,178,2,6.0,2,0,1,0,0,1,0,4
51,92,4,3.0,1,0,1,0,1,1,1,4
54,111,1,1.1,2,0,1,0,0,1,0,4
51,104,1,4.2,2,0,1,0,0,1,0,4
32,98,1,4.2,1,171,1,1,1,0,0,4
34,171,2,2.2,2,569,1,0,0,1,0,4
58,90,1,3.6,2,0,1,0,0,0,0,4
59,114,3,4.2,2,0,1,0,0,1,0,4
47,149,4,6.1,1,0,1,0,0,0,1,4
46,152,1,7.4,3,374,1,0,1,1,1,4
48,161,4,7.9,3,310,1,0,0,0,0,4
52,161,4,4.3,1,0,1,0,1,1,1,4
52,110,2,5.4,3,204,1,1,1,1,0,4
35,160,4,5.7,3,0,1,1,0,0,0,4
42,111,3,3.0,1,0,1,1,1,0,1,4
54,154,1,2.4,2,352,1,0,0,1,0,4
30,131,3,0.5,3,0,1,0,0,0,0,4
63,148,2,4.3,3,0,1,0,0,1,0,4
61,119,2,5.4,2,0,1,0,0,1,0,4
35,131,3,0.3,3,0,1,0,1,1,1,4
58,173,2,7.2,3,0,1,0,0,1,0,4
54,195,2,4.75,2,477,1,0,0,0,0,4
33,183,2,8.8,3,582,1,0,0,1,0,4
55,130,4,6.5,1,0,1,0,0,0,1,4
63,185,2,7.9,2,358,1,0,0,1,0,4
59,168,4,4.1,2,0,1,0,0,1,0,4
52,154,1,5.0,3,0,1,1,1,1,0,4
37,182,3,5.8,3,0,1,0,0,1,0,4
53,183,3,8.2,3,467,1,0,1,1,1,4
37,190,4,7.3,2,565,1,0,1,1,0,4
36,172,4,1.0,2,295,1,0,0,1,0,4
34,184,3,7.5,1,0,1,0,0,0,0,4
35,188,1,0.9,3,282,1,0,0,1,0,4
49,114,1,2.5,3,0,1,0,0,1,0,4
57,113,4,0.6,3,327,1,0,0,1,0,4
27,140,1,5.9,2,175,1,1,1,1,0,4
56,190,3,2.2,1,0,1,0,1,1,0,4
46,102,3,4.5,3,0,1,0,0,1,0,4
44,130,4,3.2,2,0,1,0,0,0,0,4
26,132,2,2.4,3,0,1,0,0,0,1,4
62,195,4,5.2,3,522,1,0,1,1,1,4
44,162,4,1.3,1,301,1,0,0,0,0,4
54,121,2,1.1,3,0,1,1,0,0,0,4
55,153,2,2.8,2,0,1,1,1,1,0,4
42,103,1,3.333333333,1,0,1,1,1,1,1,4
40,164,1,4.3,2,0,1,0,0,0,0,4
62,148,3,7.0,2,0,1,0,0,1,0,4
62,169,3,5.0,2,184,1,0,1,1,1,4
27,158,3,0.4,2,0,1,0,1,1,0,4
34,141,2,4.9,3,0,1,0,0,0,1,4
64,168,4,5.7,3,0,1,0,0,1,0,4
26,129,3,0.7,2,0,1,0,0,0,0,4
43,179,3,1.2,1,0,1,1,1,1,0,4
57,131,3,0.6,1,0,1,0,0,1,0,4
34,175,4,1.1,3,0,1,1,1,1,1,4
34,114,3,3.3,3,0,1,0,0,0,0,4
27,99,1,3.0,3,149,1,0,0,0,1,4
41,158,1,4.7,2,0,1,1,1,0,1,4
42,173,2,1.5,2,373,1,0,1,1,1,4
65,94,4,4.1,1,120,1,0,1,1,1,4
43,111,4,5.4,3,0,1,0,0,1,0,4
50,179,4,3.6,2,0,1,0,0,1,0,4
52,93,4,4.1,2,0,1,0,0,0,1,4
55,159,1,3.9,3,0,1,0,0,0,0,4
56,140,4,0.5,1,292,1,0,0,0,0,4
63,132,1,4.4,2,0,1,0,0,1,0,4
46,105,4,3.2,1,0,1,0,0,0,0,4
60,153,3,2.0,3,0,1,0,0,0,1,4
53,174,1,2.9,2,0,1,0,0,1,0,4
42,164,1,1.3,3,0,1,1,1,1,1,4
27,141,4,5.1,3,354,1,0,0,0,0,4
62,125,1,1.0,3,0,1,0,0,1,0,4
49,115,3,4.6,3,0,1,0,0,0,0,4
28,182,3,7.2,2,442,1,0,1,1,1,4
46,135,3,4.1,1,213,1,0,0,1,0,4
35,142,4,0.8,3,0,1,0,0,0,0,4
54,82,3,3.7,2,0,1,0,0,1,0,4
57,135,3,4.8,2,0,1,1,1,1,0,4
61,172,4,4.25,1,0,1,0,1,1,1,4
63,149,2,0.2,3,364,1,0,0,1,0,4
54,120,4,3.0,2,431,1,0,0,1,0,4
31,133,1,1.5,3,0,1,0,0,0,0,4
36,154,3,6.4,1,0,1,1,0,0,0,4
30,182,4,0.8,3,94,1,0,0,1,0,4
33,125,1,4.3,3,0,1,0,0,1,0,4
30,95,1,3.9,3,146,1,0,0,0,1,4
53,139,1,0.9,3,0,1,0,0,0,0,4
60,165,3,5.6,1,0,1,0,0,0,1,4
29,128,2,4.1,2,209,1,0,0,1,0,4
61,130,2,2.6,3,0,1,0,0,0,0,4
50,99,1,4.6,1,368,1,1,1,0,1,4
35,148,1,5.8,3,0,1,0,0,1,0,4
34,154,3,5.4,2,0,1,0,0,1,0,4
34,141,3,6.9,2,260,1,0,0,1,0,4
49,140,1,1.9,3,0,1,0,0,0,1,4
29,120,1,4.1,2,0,1,1,1,0,1,4
38,129,4,0.3,3,75,1,0,0,1,0,4
50,160,4,4.3,3,410,1,0,0,0,0,4
36,184,2,5.1,2,0,1,0,0,0,0,4
63,131,3,2.6,3,229,1,0,0,1,0,4
28,118,3,2.4,2,161,1,0,0,0,0,4
26,83,3,3.9,2,0,1,0,0,1,0,4
45,142,1,1.4,2,0,1,0,0,1,0,4
59,108,4,3.8,2,304,1,0,0,1,0,4
27,135,3,2.7,3,449,1,0,0,0,1,4
35,188,2,3.7,2,259,1,0,0,1,0,4
63,178,4,9.0,3,0,1,0,0,0,0,4
33,131,3,2.2,3,0,1,1,0,0,0,4
32,129,4,5.2,2,0,1,0,0,0,1,4
42,158,2,0.4,2,277,1,0,0,0,1,4
62,142,2,2.8,3,0,1,0,0,0,1,4
42,139,2,2.9,3,0,1,0,0,1,0,4
64,179,2,4.5,3,400,1,0,0,0,0,4
61,188,1,9.3,2,0,1,0,0,0,0,4
32,119,4,5.0,3,0,1,0,0,1,0,4
43,123,3,1.3,1,0,1,0,0,1,0,4
39,93,4,3.6,3,0,1,0,0,1,0,4
59,85,1,3.4,3,0,1,0,1,0,1,4
47,95,2,3.9,2,0,1,0,0,0,0,4
62,93,3,3.0,3,0,1,0,1,1,1,4
61,154,3,7.5,3,351,1,0,1,1,1,4
53,173,4,2.7,1,427,1,0,0,1,0,4
58,191,4,5.2,3,194,1,0,0,0,1,4
51,175,3,0.7,1,312,1,0,0,0,0,4
34,180,2,6.5,3,0,1,0,1,1,0,4
60,155,1,1.5,3,0,1,0,0,0,1,4
52,179,4,4.2,3,0,1,0,0,0,0,4
49,138,2,2.2,2,0,1,0,0,1,0,4
53,141,2,0.2,3,0,1,0,0,0,0,4
59,180,2,6.5,2,0,1,1,1,1,1,4
44,123,3,5.9,1,0,1,0,1,1,1,4
51,163,2,1.3,3,0,1,0,0,1,0,4
54,108,4,1.9,2,0,1,0,0,1,0,4
63,135,2,3.8,3,183,1,0,0,0,0,4
48,144,4,3.5,2,0,1,0,0,0,0,4
60,139,4,0.4,1,0,1,0,0,1,0,4
41,143,2,2.7,3,209,1,0,0,1,0,4
29,91,1,3.4,3,0,1,0,0,0,0,4
40,89,3,3.9,2,216,1,1,1,1,0,4
60,173,3,3.1,3,0,1,0,0,1,0,4
52,155,3,7.2,2,0,1,0,0,1,0,4
52,158,2,3.7,3,251,1,0,0,0,1,4
52,194,2,5.7,2,0,1,0,0,1,0,4
26,195,3,6.333333333,3,0,1,1,1,1,0,4
63,191,2,4.3,3,205,1,0,0,0,0,4
49,130,4,1.1,1,281,1,0,1,1,0,4
52,85,3,3.4,3,0,1,0,0,0,0,4
44,132,3,2.6,1,308,1,0,0,0,0,4
65,170,4,6.1,2,0,1,0,1,1,1,4
64,143,2,6.4,3,0,1,1,1,1,0,4
26,182,2,3.2,2,0,1,0,0,0,0,4
26,184,2,4.2,3,577,1,0,1,1,1,4
39,141,4,6.3,1,0,1,1,1,1,1,4
33,145,1,2.7,3,0,1,0,0,1,0,4
64,181,2,2.3,2,0,1,0,1,1,1,4
33,178,3,8.5,1,0,1,1,1,1,0,4
59,145,4,1.8,1,198,1,0,0,1,0,4
57,164,2,3.8,3,422,1,0,1,1,1,4
26,164,2,4.0,3,301,1,0,0,1,0,4
33,104,2,3.6,3,0,1,0,0,0,1,4
55,145,2,6.0,3,0,1,0,0,1,0,4
48,133,2,3.1,2,0,1,0,0,1,0,4
33,120,2,4.2,3,76,1,0,0,0,1,4
53,115,2,0.5,3,0,1,0,0,0,0,4
52,83,1,3.1,1,0,1,0,0,1,0,4
58,151,3,0.6,2,0,1,0,0,0,0,4
54,133,1,5.0,2,0,1,0,0,0,1,4
32,81,2,3.4,2,0,1,0,0,0,1,4
45,102,4,4.7,2,81,1,0,0,0,0,4
27,134,1,1.7,2,307,1,0,0,1,0,4
27,130,3,2.9,2,0,1,0,0,0,0,4
32,142,4,6.2,2,120,1,0,1,1,1,4
65,143,4,6.6,2,0,1,0,0,1,0,4
38,184,3,8.0,1,0,1,0,0,1,0,4
33,188,2,7.0,2,581,1,0,0,0,0,4
48,162,3,1.4,1,400,1,0,0,0,0,4
35,108,2,2.75,3,0,1,1,0,0,0,4
61,141,3,0.7,1,0,1,0,1,1,1,4
32,140,4,6.6,3,0,1,0,1,0,1,4
51,173,1,0.5,2,0,1,0,0,1,0,4
35,101,3,3.8,3,150,1,0,0,1,0,4
36,123,2,3.0,3,0,1,0,0,0,0,4
29,184,4,2.2,3,612,1,0,0,1,0,4
49,174,3,4.6,2,590,1,0,0,0,0,4
35,135,3,4.8,2,0,1,0,0,1,0,4
50,133,4,1.4,2,342,1,0,0,0,1,4
44,142,1,1.5,3,0,1,0,0,0,0,4
38,129,3,4.1,3,0,1,0,1,1,1,4
43,121,1,0.7,2,0,1,0,1,1,1,4
28,112,2,1.6,2,0,1,0,0,1,0,4
46,122,3,3.0,3,0,1,0,1,1,1,4
