Customer Age,Experience,Income,Family Size,Average Credit Card Expenditure,Education Level,Mortgage Loan Amount,Securities Account,Certificate of Deposit Account,Online Banking Usage,CreditCard,Personal_Loan
50,24,83,2,0.4,3,0,0,0,1,0,0
50,26,21,1,0.2,1,0,0,0,1,0,0
60,34,33,2,0.3,1,101,0,0,1,0,0
58,32,43,1,2.8,2,0,0,0,1,0,0
63,37,21,2,0.4,1,0,0,0,1,0,0
61,35,35,2,0.2,3,0,0,0,1,0,0
48,22,83,2,0.4,3,248,0,0,1,0,0
43,18,42,1,0.3,3,0,0,0,1,0,0
56,32,65,2,3.2,3,0,0,0,1,0,0
64,40,8,2,0.3,3,0,0,0,1,0,0
45,15,20,1,0.75,3,0,0,0,1,0,0
59,35,18,1,1.2,3,0,0,0,1,0,0
50,24,62,2,0.8,3,0,0,0,1,0,0
63,38,31,1,1.1,3,125,0,0,1,0,0
56,32,28,1,1.2,3,0,0,0,1,0,0
57,33,25,2,1,1,0,0,0,1,0,0
59,33,34,1,0.2,1,0,0,0,1,0,0
48,22,35,1,1.4,3,0,0,0,1,0,0
58,28,75,1,1.4,3,0,0,0,1,0,0
50,26,21,1,0.2,1,89,0,0,1,0,0
56,32,15,1,0.1,2,0,0,0,1,0,0
45,15,32,1,0.75,3,105,0,0,1,0,0
58,34,11,2,0.3,1,96,0,0,1,0,0
60,35,44,2,1.6,3,170,0,0,1,0,0
43,18,22,2,0.3,2,0,0,0,1,0,0
50,26,42,1,1.6,2,0,0,0,1,0,0
50,23,25,1,0.5,2,0,0,0,1,0,0
54,30,28,2,0.8,1,0,0,0,1,0,0
44,18,71,2,0.8,3,0,0,0,1,0,0
57,32,24,2,0.2,3,140,0,0,1,0,0
53,27,59,2,0.8,3,0,0,0,1,0,0
44,19,28,1,0.3,3,0,0,0,1,0,0
53,29,22,2,0.4,1,0,0,0,1,0,0
55,30,40,2,2.3,3,0,1,0,1,0,0
51,25,21,2,0.4,3,76,1,0,1,0,0
46,21,34,1,0.1,1,124,0,0,1,0,0
45,20,30,1,0.1,1,0,0,0,1,0,0
64,38,35,1,0.5,3,0,0,0,1,0,0
52,27,39,2,0.7,2,166,0,0,1,0,0
55,31,23,2,0.2,1,0,0,0,1,0,0
48,22,65,2,1.5,2,0,0,0,1,0,0
60,30,28,1,1.5,3,124,1,0,1,0,0
50,26,42,2,1,3,78,1,0,1,0,0
54,29,48,2,2.1,3,142,0,0,1,0,0
55,30,44,2,2,2,0,0,0,1,0,0
47,22,35,2,1.3,1,0,0,0,1,0,0
47,22,22,1,0.4,3,0,0,0,1,0,0
57,32,33,1,1.5,2,0,0,0,1,0,0
64,38,42,2,0.7,3,137,0,0,1,0,0
47,23,40,2,2.1,3,156,0,0,1,0,0
51,26,14,2,0,1,103,0,0,1,0,0
55,30,50,2,2.1,3,0,0,0,1,0,0
61,37,9,2,0.3,3,0,0,0,1,0,0
59,33,42,1,0.8,2,0,0,0,1,0,0
47,22,25,1,0.1,1,148,0,0,1,0,0
44,19,30,1,0.5,3,0,0,0,1,0,0
58,33,61,2,2.3,3,193,0,0,1,0,0
57,33,9,1,0.1,2,91,1,0,1,0,0
63,37,8,1,0.8,2,97,0,0,1,0,0
47,21,53,1,1.5,2,0,0,0,1,0,0
50,25,32,2,0.7,2,0,0,0,1,0,0
52,28,62,1,1.8,3,0,0,0,1,0,0
50,23,9,1,0.5,2,98,0,0,1,0,0
46,22,18,1,0.9,3,0,0,0,1,0,0
59,33,68,2,2.3,3,128,1,0,1,0,0
53,28,48,2,1.9,2,0,0,0,1,0,0
64,40,43,1,1.9,2,0,0,0,1,0,0
62,38,43,1,1.9,2,0,0,0,1,0,0
58,33,43,2,1.6,3,0,0,0,1,0,0
59,34,19,2,0.5,2,0,0,0,1,0,0
48,23,45,1,1.3,2,0,0,0,1,0,0
60,34,15,1,0.8,2,0,0,0,1,0,0
49,24,25,2,0.7,3,0,0,0,1,0,0
52,26,19,1,1.4,3,96,0,0,1,0,0
51,26,43,1,1.3,2,123,0,0,1,0,0
50,26,55,1,1.6,2,0,0,0,1,0,0
48,23,79,2,3.8,3,0,0,0,1,0,0
51,24,21,2,1,2,0,0,0,1,0,0
45,20,41,1,0.3,1,0,0,0,1,0,0
62,38,65,1,0,2,0,0,0,1,0,0
58,34,35,1,1.2,3,0,0,0,1,0,0
59,35,58,1,0,2,0,0,0,1,0,0
56,30,34,2,0.7,2,0,0,0,1,0,0
45,21,29,1,0.3,3,0,0,0,1,0,0
46,21,39,2,1.3,1,101,0,0,1,0,0
42,18,22,1,1.4,3,0,0,0,1,0,0
50,25,34,1,1.3,2,0,0,0,1,0,0
50,25,44,2,0.7,2,192,0,0,1,0,0
43,18,41,1,0.3,3,0,0,0,1,0,0
56,31,49,2,1.6,3,103,0,0,1,0,0
49,24,42,2,0.7,2,0,0,0,1,0,0
51,26,42,1,1.3,2,0,0,0,1,0,0
51,24,23,1,0.5,2,0,0,0,1,0,0
62,37,38,1,1.1,3,0,0,0,1,0,0
57,33,55,1,1.8,3,0,0,0,1,0,0
63,37,45,2,0.7,3,0,0,0,1,0,0
54,29,35,1,1.5,2,0,0,0,1,0,0
57,33,15,2,0.3,1,0,0,0,1,0,0
41,16,13,2,0,3,0,0,0,1,0,0
52,27,33,2,2,2,0,0,0,1,0,0
64,40,58,1,1.8,3,0,0,0,1,0,0
46,21,68,1,0.2,2,0,0,0,1,0,0
47,22,78,1,0.2,2,0,0,0,1,0,0
47,21,65,1,1.5,2,0,1,0,1,0,0
60,30,31,1,1.5,3,0,0,0,1,0,0
62,37,11,1,0.1,1,0,0,0,1,0,0
60,35,20,1,1.3,1,0,0,0,1,0,0
51,27,53,1,1.6,2,0,0,0,1,0,0
65,35,23,1,1.5,3,0,0,0,1,0,0
51,25,70,1,0.8,3,0,1,0,1,0,0
62,36,92,2,0.7,2,0,0,0,1,0,0
43,18,38,1,0.5,3,144,0,0,1,0,0
57,32,42,2,2.1,3,0,0,0,1,0,0
62,36,41,2,1,3,154,1,0,1,0,0
64,40,40,2,1.1,1,0,0,0,1,0,0
50,25,82,1,1.3,3,0,0,0,1,0,0
54,30,61,1,1.8,3,0,0,0,1,0,0
63,37,25,2,0.2,3,0,0,0,1,0,0
52,28,39,2,0.8,1,0,0,0,1,0,0
61,31,19,1,1.5,3,0,0,0,1,0,0
57,27,68,1,1.4,3,0,0,0,1,0,0
54,30,21,1,0.1,2,76,0,0,1,0,0
42,18,29,1,0.3,3,0,0,0,1,0,0
60,35,34,1,0.3,3,0,0,0,1,0,0
50,24,35,1,0.3,3,0,0,0,1,0,0
62,36,39,2,0.3,1,0,0,0,1,0,0
56,31,68,2,0,3,0,1,0,1,0,0
54,28,48,1,0.2,1,0,0,0,1,0,0
55,30,40,2,2.3,3,0,0,0,1,0,0
50,25,58,1,1.3,2,0,0,0,1,0,0
44,20,15,1,1,1,0,0,0,1,0,0
52,28,8,1,0.3,1,0,0,0,1,0,0
46,20,40,1,1.2,2,0,0,0,1,0,0
61,36,23,2,0.5,2,103,0,0,1,0,0
52,27,43,1,1.3,2,0,1,0,1,0,0
61,37,22,1,1.2,3,0,0,0,1,0,0
58,33,51,2,1.6,3,123,0,0,1,0,0
50,25,14,2,0.7,3,0,1,0,1,0,0
47,21,88,2,1.7,2,0,0,0,1,0,0
59,35,39,1,1.8,3,0,0,0,1,0,0
48,22,80,2,2.4,2,0,0,0,1,0,0
59,35,84,1,1.8,3,0,0,0,1,0,0
57,32,33,2,2,2,0,0,0,1,0,0
56,32,60,1,1.8,3,227,0,0,1,0,0
60,34,23,1,0.8,2,112,0,0,1,0,0
50,24,91,1,0.8,3,0,0,0,1,0,0
59,35,25,2,0.3,1,75,0,0,1,0,0
53,27,50,2,0.8,3,0,0,0,1,0,0
63,37,15,1,0.8,2,115,0,0,1,0,0
59,35,21,2,1,1,120,0,0,1,0,0
63,37,44,2,1,3,0,0,0,1,0,0
62,38,78,2,0,3,0,0,0,1,0,0
49,23,25,1,1.4,3,0,0,0,1,0,0
53,28,59,2,1.9,2,0,0,0,1,0,0
58,33,9,2,0.2,3,0,0,0,1,0,0
56,30,24,2,0.7,2,0,0,0,1,0,0
55,29,78,1,0.8,3,190,0,0,1,0,0
48,22,43,1,1.2,2,112,0,0,1,0,0
60,36,50,1,1.8,3,0,0,0,1,0,0
46,20,19,3,0.5,2,97,1,0,1,0,1
46,21,39,4,0,2,0,0,0,1,0,1
57,31,51,4,1.7,2,103,0,0,1,0,1
61,35,50,3,1.4,3,112,0,0,1,0,1
64,40,75,3,2,3,0,0,0,1,0,1
52,22,55,3,1.4,3,0,0,0,1,0,1
55,30,81,4,3.8,2,0,0,0,1,0,1
58,34,41,4,1.3,1,0,0,0,1,0,1
57,27,64,3,2,3,142,0,0,1,0,1
55,31,50,4,1.5,1,0,0,0,1,0,1
56,31,80,4,1.3,3,0,0,0,1,0,1
57,32,63,4,0.7,1,0,0,0,1,0,1
65,41,83,3,2,3,0,0,0,1,0,1
54,28,34,4,0.7,2,0,0,0,1,0,1
56,29,51,3,1,2,0,0,0,1,0,1
54,28,39,4,0.7,2,0,0,0,1,0,1
62,38,99,4,1.7,2,0,0,0,1,0,1
56,30,81,4,2.6,3,0,0,0,1,0,1
53,27,81,4,2.6,3,0,0,0,1,0,1
49,24,45,3,1.7,2,0,1,0,1,0,1
54,29,34,4,0.1,3,0,0,0,1,0,1
60,36,38,4,1.3,1,0,0,0,1,0,1
44,19,40,4,0,2,0,0,0,1,0,1
51,27,21,3,0.4,1,0,0,0,1,0,1
55,30,73,4,3.8,2,0,0,0,1,0,1
60,36,63,4,2.2,1,0,0,0,1,0,1
62,37,18,3,1.3,2,0,0,0,1,0,1
61,35,80,4,1.7,3,0,0,0,1,0,1
52,28,21,4,0.5,2,0,0,0,1,0,1
52,26,38,3,0.9,3,0,0,0,1,0,1
63,39,72,3,2,3,190,1,0,1,0,1
54,30,45,4,1.1,2,205,0,0,1,0,1
55,29,62,3,0.3,2,0,0,0,1,0,1
45,21,58,3,0.3,3,0,1,0,1,0,1
59,35,59,4,1.2,2,0,0,0,1,0,1
58,32,55,4,2.5,1,0,0,0,1,0,1
60,34,40,3,2.2,3,0,1,0,1,0,1
51,25,34,3,0.9,3,111,0,0,1,0,1
62,38,33,3,0.1,3,0,0,0,1,0,1
56,31,25,4,0.9,2,111,0,0,1,0,1
55,29,81,3,1.7,2,171,0,0,1,0,1
55,31,62,4,1.5,1,0,0,0,1,0,1
56,31,60,3,1.7,1,0,0,0,1,0,1
46,22,84,4,2,3,0,0,0,1,0,1
61,36,54,3,0.9,3,179,0,0,1,0,1
50,24,38,4,0.1,1,0,0,0,1,0,1
56,32,44,3,1.5,1,153,0,0,1,0,1
67,43,105,4,1.7,2,0,0,0,1,0,1
53,27,39,4,1.5,3,0,0,0,1,0,1
63,33,40,4,1.67,3,0,0,0,1,0,1
50,25,14,4,0.8,1,0,0,0,1,0,1
57,31,38,4,0.7,2,0,0,0,1,0,1
61,36,81,3,1.8,2,0,0,0,1,0,1
55,25,44,3,1,3,0,0,0,1,0,1
53,29,85,3,1.8,2,0,0,0,1,0,1
48,24,43,3,1.9,2,0,0,0,1,0,1
52,26,31,4,1.5,3,0,0,0,1,0,1
46,20,74,4,2.6,3,104,0,0,1,0,1
48,22,94,4,2.6,3,0,0,0,1,0,1
56,31,64,4,0.9,1,0,0,0,1,0,1
52,27,43,4,0.2,2,0,0,0,1,0,1
52,28,49,4,1.1,2,0,0,0,1,0,1
46,20,74,4,2.6,3,0,0,0,1,0,1
55,30,53,3,1.7,1,0,0,0,1,0,1
51,27,20,4,0.5,2,0,0,0,1,0,1
57,32,19,4,0.9,2,0,0,0,1,0,1
55,28,38,3,1,2,0,0,0,1,0,1
48,22,40,3,2.2,2,87,0,0,1,0,1
60,36,32,3,0.4,2,165,0,0,1,0,1
61,36,40,3,0.5,2,0,1,0,1,0,1
63,39,41,4,1.3,2,0,0,0,1,0,1
58,34,63,4,1.5,1,0,0,0,1,0,1
62,37,10,3,0.5,1,0,0,0,1,0,1
45,18,45,3,1,2,0,0,0,1,0,1
61,36,50,4,1.7,1,189,0,0,1,0,1
52,28,23,3,0.4,1,0,0,0,1,0,1
49,24,79,4,3.6,3,212,0,0,1,0,1
56,30,44,4,0.7,2,174,0,0,1,0,1
50,26,13,4,1,1,0,0,0,1,0,1
61,35,41,4,1.7,2,0,1,0,1,0,1
51,27,12,4,1,1,0,0,0,1,0,1
64,39,13,4,0.6,2,0,0,0,1,0,1
58,34,65,4,2.2,1,0,0,0,1,0,1
60,34,19,3,0.3,3,0,0,0,1,0,1
51,26,52,4,1.8,3,0,0,0,1,0,1
65,39,113,4,2.4,3,0,0,0,1,0,1
54,29,62,4,3.8,2,149,0,0,1,0,1
59,35,31,3,0.4,2,0,0,0,1,0,1
53,29,94,4,1,2,0,0,0,1,0,1
53,23,65,4,2,3,0,0,0,1,0,1
65,39,82,4,2.4,3,252,0,0,1,0,1
48,23,15,4,0.8,1,0,0,0,1,0,1
65,40,63,3,0.5,2,0,0,0,1,0,1
60,35,48,3,1.5,1,0,0,0,1,0,1
54,29,48,4,1.8,3,0,0,0,1,0,1
60,36,39,4,1.3,2,140,0,0,1,0,1
46,22,80,4,2,3,0,0,0,1,0,1
56,26,38,3,1,3,110,1,0,1,0,1
53,29,69,4,1,2,0,0,0,1,0,1
64,39,42,3,0.5,2,116,0,0,1,0,1
58,34,54,4,1.3,2,0,0,0,1,0,1
62,36,30,3,0.7,2,0,0,0,1,0,1
53,23,39,3,1,3,87,0,0,1,0,1
54,28,102,3,1.7,2,0,0,0,1,0,1
64,40,41,4,1.2,2,0,0,0,1,0,1
48,23,43,3,1.7,2,159,0,0,1,0,1
59,35,14,4,0.7,1,0,0,0,1,0,1
57,27,63,3,2,3,0,0,0,1,0,1
58,31,49,4,2.5,2,0,0,0,1,0,1
64,39,82,4,3.4,2,0,0,0,1,0,1
52,26,59,3,3,2,0,0,0,1,0,1
56,31,82,4,1.3,3,0,0,0,1,0,1
55,29,29,4,1.5,3,79,0,0,1,0,1
57,32,13,4,0.9,2,78,1,0,1,0,1
61,34,41,4,2.5,2,0,0,0,1,0,1
46,22,89,4,1.4,2,0,0,0,1,0,1
61,36,54,3,1.5,1,0,0,0,1,0,1
55,31,34,3,1.5,1,101,0,0,1,0,1
64,38,29,3,0.7,2,0,0,0,1,0,1
52,25,41,3,1,2,0,0,0,1,0,1
67,41,114,4,2.4,3,0,0,0,1,0,1
51,27,12,4,1,1,0,1,0,1,0,1
61,36,13,3,0.5,1,0,0,0,1,0,1
50,26,110,3,1.8,2,0,0,0,1,0,1
60,35,80,3,0.5,1,0,0,0,1,0,1
57,33,45,4,1.5,1,204,0,0,1,0,1
51,27,33,4,0.2,1,83,0,0,1,0,1
56,32,64,4,1.5,1,0,0,0,1,0,1
45,21,33,3,0.5,1,108,0,0,1,0,1
49,23,41,4,0.1,1,153,0,0,1,0,1
54,28,48,4,2.8,2,0,0,0,1,0,1
52,26,35,4,1.8,1,0,0,0,1,0,1
48,22,79,3,0.7,2,0,0,0,1,0,1
48,24,75,4,1.4,2,0,0,0,1,0,1
63,37,84,4,1.9,2,0,0,0,1,0,1
45,18,10,3,0.67,2,100,0,0,1,0,1
48,24,24,4,0.2,1,0,0,0,1,0,1
58,33,22,3,0.2,1,0,0,0,1,0,1
61,36,10,4,0.4,2,0,0,0,1,0,1
56,31,54,4,2.1,1,0,0,0,1,0,1
49,25,44,4,0.9,2,194,0,0,1,0,1
46,21,30,4,1.9,3,0,0,0,1,0,1
65,40,83,4,0.1,2,247,0,0,1,0,1
55,25,70,3,1.4,3,0,0,0,1,0,1
50,26,22,4,0.5,2,112,0,0,1,0,1
63,37,78,4,1.7,3,0,0,0,1,0,1
47,22,40,3,2.7,2,0,0,0,1,0,1
58,28,58,3,2,3,0,0,0,1,0,1
55,25,65,4,2,3,0,0,0,1,0,1
57,27,63,4,2,3,0,0,0,1,0,1
56,30,31,4,1.5,3,0,0,0,1,0,1
52,26,84,3,3,2,0,0,0,1,0,1
57,32,22,3,0.1,2,0,0,0,1,0,1
59,29,45,3,2,3,0,0,0,1,0,1
47,20,13,3,0.67,2,0,0,0,1,0,1
58,34,84,4,1.6,2,0,0,0,1,0,1
50,25,42,3,1.7,2,0,0,0,1,0,1
63,38,22,3,0.1,3,90,0,0,1,0,1
47,23,28,4,0.6,1,0,0,0,1,0,1
62,37,98,1,0.9,1,151,0,0,1,0,2
59,33,110,3,4.4,1,264,0,0,1,0,2
64,39,73,3,2.4,1,185,0,0,0,0,2
55,29,79,2,1.1,1,0,1,0,1,0,2
61,37,158,2,6,1,306,1,1,1,1,2
50,24,112,1,0.3,1,229,0,0,0,0,2
65,40,128,1,2.5,1,162,0,0,1,0,2
65,41,105,4,1.7,2,230,1,0,1,0,2
63,37,140,2,6.9,1,97,0,0,0,1,2
46,21,44,1,0.3,1,110,1,0,1,0,2
54,28,155,1,1,1,256,0,0,1,1,2
51,25,60,4,2.6,1,97,0,0,1,0,2
59,35,94,1,3.8,1,272,0,0,0,0,2
61,35,83,2,1.7,3,245,0,0,1,0,2
51,26,62,1,1.3,2,221,0,0,1,0,2
52,27,135,1,0.6,1,452,0,0,1,0,2
57,32,55,4,2.1,1,108,0,0,1,0,2
62,38,124,1,3.8,1,405,0,0,1,0,2
57,32,68,2,3.7,1,184,0,0,0,0,2
64,40,88,1,3.8,1,243,0,0,1,1,2
56,30,75,1,1.9,2,125,0,0,1,0,2
61,37,48,1,0.8,1,158,0,0,1,0,2
63,38,110,3,1.8,2,109,0,0,1,0,2
49,23,84,3,2.1,1,134,1,0,1,0,2
58,32,128,2,2.7,1,344,0,0,0,0,2
55,30,84,2,3.7,1,304,1,0,1,0,2
49,22,82,1,2.67,2,125,0,0,1,0,2
48,22,145,1,0.3,1,140,0,0,1,0,2
58,32,114,2,2,1,402,0,0,1,0,2
65,40,115,1,2.5,1,174,0,0,0,1,2
50,24,79,1,0.3,1,120,0,0,1,0,2
48,24,90,1,2.6,2,334,0,0,1,0,2
51,26,133,1,0.6,1,328,0,0,0,0,2
55,29,99,2,1.4,1,264,0,0,1,1,2
48,24,74,3,0.7,1,0,1,0,1,0,2
57,32,81,2,3.7,1,226,0,0,1,1,2
58,34,92,2,2.8,1,103,0,0,0,0,2
53,28,98,1,1.3,3,355,0,0,1,0,2
54,28,159,2,0.5,1,461,0,0,1,0,2
58,32,41,1,0.2,1,81,0,0,1,0,2
51,26,78,1,1.2,1,305,0,0,1,0,2
63,37,118,1,2,1,427,0,0,0,0,2
48,24,54,1,1.6,2,186,0,0,1,0,2
54,29,72,2,3.7,1,144,0,0,1,0,2
64,39,59,2,1.5,1,139,0,0,1,0,2
48,23,132,1,0.6,1,157,0,0,0,0,2
48,24,59,1,0,1,144,0,0,1,0,2
62,37,92,3,0.5,1,310,0,0,1,0,2
65,40,98,3,1.8,2,333,0,0,0,0,2
53,29,93,1,2.7,2,256,0,0,1,0,2
56,32,120,1,7.4,1,186,0,0,1,0,2
57,31,45,3,1.4,1,198,0,0,1,0,2
49,23,114,1,0.3,1,286,0,0,1,0,2
57,31,175,2,0.5,1,429,0,0,1,1,2
56,30,113,2,2.7,1,352,0,0,0,1,2
47,22,93,1,0.2,2,309,0,0,1,0,2
64,39,98,3,1.8,2,80,0,0,1,0,2
51,26,59,1,1.2,1,139,0,0,1,0,2
53,29,132,2,0.3,1,403,0,0,0,0,2
65,39,150,2,6.9,1,196,0,0,0,0,2
50,24,81,1,4.9,1,248,0,0,1,0,2
59,33,100,2,2,1,127,0,0,0,0,2
58,33,142,2,3.9,1,193,0,0,1,1,2
51,26,113,1,1.3,3,161,0,0,1,0,2
46,20,73,1,1.5,2,128,0,0,1,0,2
46,21,38,1,2.4,1,130,0,0,1,0,2
63,37,90,4,1.9,2,106,1,0,1,0,2
49,25,135,2,1.4,1,82,0,0,1,1,2
58,32,163,2,0.5,1,400,0,0,0,0,2
58,32,145,2,0.5,1,119,0,0,1,0,2
59,33,140,2,0.5,1,262,0,0,1,0,2
59,35,202,1,4.7,1,553,0,0,0,0,2
50,26,85,1,0,1,144,0,0,0,0,2
58,34,125,1,4.3,1,219,0,0,0,0,2
64,40,171,2,2.1,1,433,0,0,0,0,2
52,26,70,2,1.1,1,0,1,0,1,0,2
64,38,79,2,2.8,1,179,0,0,0,0,2
52,28,118,2,6.8,1,112,0,0,1,0,2
61,37,62,1,0,2,244,0,0,1,0,2
62,38,161,1,2.9,1,0,1,1,1,1,2
57,32,59,2,3.7,1,134,0,0,1,0,2
60,34,83,2,1.4,1,75,1,0,1,0,2
57,31,58,1,0.2,1,177,0,0,1,0,2
58,34,150,1,7.4,1,481,0,0,1,0,2
50,25,79,1,2.9,1,307,0,0,0,1,2
48,24,84,3,0.7,1,166,0,0,1,0,2
58,34,68,2,2.8,1,113,0,0,0,0,2
63,38,50,2,2.8,1,205,0,0,0,0,2
55,25,95,2,4.5,3,275,0,0,0,0,2
56,30,55,1,1.4,1,77,0,0,1,0,2
66,42,35,1,1.9,2,172,0,0,1,0,2
60,35,122,1,2.6,1,352,0,0,0,0,2
46,22,73,2,1.7,1,216,0,0,1,0,2
49,24,82,1,2.9,1,267,0,0,1,0,2
55,31,103,3,1.8,2,364,0,0,0,0,2
59,35,88,2,1.6,1,278,0,0,0,0,2
58,32,65,3,2.5,1,222,0,0,1,0,2
51,25,119,1,4.9,1,208,0,0,1,1,2
62,36,115,2,2.8,1,202,0,0,1,1,2
51,27,155,2,0.4,1,107,0,0,0,1,2
51,26,70,1,1.2,1,169,0,0,0,0,2
52,26,180,1,1.7,1,550,0,0,1,0,2
50,25,130,1,0.6,1,311,0,0,0,0,2
57,33,91,1,4.3,1,81,1,0,0,0,2
60,36,49,4,2.2,1,204,1,0,1,0,2
62,36,63,1,1.6,1,118,0,0,1,0,2
48,22,85,3,1.1,1,203,0,0,1,0,2
60,36,132,2,6,1,470,0,0,1,1,2
53,27,192,1,1.7,1,601,0,0,1,0,2
60,35,22,1,1.3,1,123,0,0,1,0,2
57,33,93,2,1.6,1,161,0,0,0,0,2
57,32,75,2,3.7,1,236,0,0,1,0,2
49,25,31,1,1,1,0,1,0,1,0,2
61,35,79,2,2,1,194,0,0,1,1,2
53,27,81,3,1.7,2,193,0,0,1,0,2
57,33,62,3,2.67,1,240,0,0,0,0,2
57,33,79,1,2.7,2,294,0,0,1,1,2
53,27,145,1,2.9,1,345,0,0,0,0,2
62,37,82,1,0.8,3,312,0,0,1,0,2
54,28,94,2,1.1,1,188,0,0,0,0,2
53,27,122,1,2.4,1,330,0,0,0,0,2
50,26,148,2,0.4,1,508,0,0,0,0,2
60,34,108,2,2,1,359,0,0,1,0,2
61,35,53,1,2.8,2,167,0,0,1,0,2
56,30,59,3,0.8,1,159,1,0,1,0,2
58,34,82,1,4.3,1,263,0,0,0,0,2
57,33,122,2,6,1,153,1,1,1,1,2
58,32,111,2,1.4,1,298,0,0,1,0,2
52,27,94,1,2.8,2,333,0,0,1,0,2
56,30,61,3,2.5,1,193,0,0,1,0,2
54,24,91,2,4.5,3,90,0,0,1,0,2
56,30,79,3,0.8,1,302,0,0,0,0,2
63,38,129,1,0.9,1,366,0,0,1,0,2
63,39,49,1,0.8,1,103,0,0,1,0,2
55,31,73,3,2.67,1,219,0,0,1,0,2
55,29,55,1,0.2,1,151,0,0,1,0,2
51,27,55,1,1.6,2,197,1,0,1,0,2
54,30,120,1,7.4,1,119,0,0,1,1,2
55,29,81,4,4.9,1,209,0,0,1,0,2
60,34,59,1,1.6,1,231,0,0,1,0,2
59,35,161,1,2.9,1,160,0,0,0,1,2
57,31,131,2,2.7,1,394,0,0,0,1,2
58,32,113,2,1.4,1,270,0,0,0,1,2
63,38,153,1,1.3,1,455,0,0,0,0,2
60,34,44,2,0.3,1,192,0,0,1,0,2
52,28,163,2,0.4,1,116,0,0,1,0,2
64,39,49,2,1.5,1,0,1,0,1,0,2
56,31,81,2,3.7,1,121,0,0,1,1,2
59,35,94,1,4.3,1,76,1,1,1,0,2
50,24,95,1,0.3,1,262,0,0,1,0,2
64,39,85,4,3.4,2,200,0,0,1,0,2
54,28,183,1,1,1,442,0,0,0,0,2
62,37,50,3,1.5,1,169,0,0,1,0,2
62,36,103,2,2.8,1,0,1,1,1,0,2
64,40,169,2,2.1,1,122,0,0,1,0,2
60,34,83,2,2,1,249,0,0,0,0,2
62,36,105,2,2.8,1,336,0,0,0,0,2
57,31,41,1,1.4,1,0,1,0,1,0,2
61,36,130,1,1.3,1,257,0,0,0,0,2
63,38,103,1,2.5,1,0,0,0,1,0,3
49,24,70,1,2.9,1,0,0,0,0,0,3
47,21,132,1,0.3,1,0,0,0,1,0,3
60,36,195,1,4.7,1,0,0,0,1,0,3
60,36,93,1,4.3,1,0,0,0,1,0,3
52,26,194,1,1.7,1,0,0,0,1,0,3
62,36,119,2,2,1,0,0,0,0,0,3
57,33,121,1,4.3,1,0,1,0,0,0,3
58,32,180,1,2.9,1,0,0,0,0,1,3
59,35,121,1,4.3,1,0,0,0,1,0,3
63,37,101,2,2.8,1,0,0,0,0,0,3
59,33,83,3,4.4,1,0,0,0,1,0,3
59,33,81,2,1.4,1,0,0,0,1,0,3
64,38,92,1,2,1,0,0,0,1,0,3
49,25,93,1,2.7,1,0,1,0,1,0,3
60,36,141,2,2.1,1,0,0,0,1,1,3
49,23,129,1,0.3,1,0,0,0,1,1,3
60,35,119,2,3.9,1,0,1,0,1,0,3
66,41,145,1,2.5,1,0,0,0,1,0,3
58,32,108,3,4.4,1,0,0,0,1,0,3
53,29,118,2,0.3,1,0,0,0,1,0,3
65,40,140,1,0.9,1,0,0,0,0,0,3
64,40,131,1,3.8,1,0,0,0,0,0,3
60,34,110,2,2,1,0,0,0,1,0,3
64,39,129,1,2.5,1,0,0,0,1,0,3
59,33,111,3,4.4,1,0,0,0,1,0,3
60,35,125,2,3.9,1,0,0,0,0,0,3
62,38,123,1,2.9,1,0,0,0,0,0,3
64,39,64,3,2.2,1,0,0,0,1,0,3
53,27,84,2,1.1,1,0,0,0,1,0,3
59,35,174,1,4.7,1,0,0,0,1,1,3
62,38,91,1,3.8,1,0,1,0,1,0,3
58,34,128,1,7.4,1,0,0,0,0,0,3
60,34,60,3,2.5,1,0,0,0,1,0,3
50,24,103,1,0.3,1,0,0,0,1,0,3
54,28,85,4,4.9,1,0,0,0,1,0,3
59,35,111,1,4.3,1,0,0,0,1,0,3
62,38,154,1,2.9,1,0,0,0,1,0,3
55,29,162,1,2.9,1,0,0,0,1,1,3
60,34,152,2,6.9,1,0,0,0,0,0,3
50,24,130,1,1,1,0,0,0,0,0,3
59,33,113,2,2,1,77,0,0,1,0,3
52,26,114,1,4.9,1,0,0,0,0,0,3
60,34,85,2,2,1,0,0,0,1,0,3
57,31,131,2,2.7,1,0,0,0,0,0,3
54,28,78,4,4.9,1,0,0,0,0,0,3
60,34,40,1,1.6,1,0,0,0,1,0,3
61,35,91,2,2,1,0,0,0,1,0,3
51,25,93,1,0.3,1,0,0,0,1,0,3
60,35,51,2,2.8,1,0,0,0,1,0,3
50,26,88,1,2.7,1,0,0,0,1,0,3
59,35,38,1,0.8,1,0,0,0,1,0,3
56,32,129,1,7.4,1,0,0,0,0,0,3
54,28,140,1,2.9,1,0,0,0,1,0,3
62,37,50,3,2.4,1,0,0,0,1,0,3
51,25,148,1,1,1,0,0,0,0,0,3
63,38,54,3,2.2,1,0,0,0,1,0,3
52,26,101,2,2.4,2,0,0,0,1,0,3
60,35,128,1,0.9,1,0,0,0,1,0,3
55,31,91,2,2.8,1,0,0,0,0,0,3
59,35,121,1,2.9,1,0,0,0,0,1,3
61,35,110,3,4.4,1,0,1,0,1,0,3
49,25,128,2,0.4,1,0,0,0,0,0,3
59,34,60,2,2.8,1,0,0,0,1,0,3
50,24,179,1,1,1,0,0,0,1,0,3
56,31,65,2,3.7,1,0,0,0,1,0,3
50,24,80,4,4.9,1,0,0,0,1,0,3
54,28,161,1,2.9,1,0,0,0,1,0,3
63,37,109,1,2,1,0,0,0,1,0,3
54,28,74,2,1.1,1,0,0,0,1,0,3
57,33,95,2,1.6,1,0,0,0,0,0,3
51,27,93,1,2.7,1,0,0,0,1,0,3
58,34,149,2,6,1,0,0,0,1,1,3
58,33,138,2,3.9,1,0,1,0,1,0,3
64,39,114,1,0.8,3,0,0,0,1,0,3
52,28,145,2,6.8,1,0,0,0,1,0,3
62,36,98,2,2.8,1,0,0,0,0,0,3
54,28,90,1,0.3,1,0,0,0,1,0,3
47,22,65,1,2.4,1,0,0,0,1,0,3
58,32,59,1,1.6,1,0,0,0,1,0,3
60,35,122,1,1.3,1,0,0,0,0,0,3
54,28,92,2,1.1,1,0,0,0,1,0,3
49,23,108,2,2.4,2,0,0,0,1,0,3
60,34,64,3,2.5,1,0,0,0,1,0,3
56,32,88,2,0.3,1,0,0,0,1,0,3
54,29,183,1,8.1,1,0,0,0,1,1,3
58,32,63,1,1.6,1,0,1,0,1,0,3
61,36,139,2,3.9,1,0,0,0,0,0,3
60,36,89,2,2.8,1,0,0,0,1,0,3
52,28,149,2,0.4,1,0,0,0,0,0,3
55,30,81,2,3.7,1,0,1,0,0,0,3
51,27,75,1,2.7,1,0,0,0,0,0,3
55,31,124,2,0.3,1,0,0,0,1,0,3
48,23,128,1,0.6,1,0,0,0,1,1,3
54,30,112,2,6.8,1,0,0,0,1,0,3
55,31,63,3,2.67,1,0,0,0,1,0,3
65,39,121,1,2,1,0,0,0,0,0,3
58,32,191,1,2.9,1,0,0,0,0,0,3
56,30,195,1,2.9,1,0,0,0,0,0,3
50,25,112,1,0.6,1,0,0,0,0,0,3
52,26,93,1,2.4,1,0,0,0,1,0,3
62,38,132,1,2.9,1,0,0,0,0,0,3
52,26,84,1,2.4,1,0,0,0,1,0,3
59,35,151,2,6,1,0,0,0,1,0,3
59,34,103,1,2.6,1,0,0,0,1,0,3
52,28,90,1,2.6,2,0,1,0,1,0,3
51,26,72,1,2.9,1,0,0,0,0,0,3
60,34,92,2,2,1,0,0,0,0,0,3
50,25,90,1,2.8,2,0,0,0,1,0,3
49,25,163,2,0.4,1,0,1,0,0,0,3
63,38,140,1,2.5,1,0,0,0,0,0,3
64,38,115,1,2,1,0,0,0,1,1,3
55,29,112,2,1.4,1,0,0,0,1,0,3
57,33,149,1,4.7,1,0,1,0,0,0,3
51,25,80,1,4.9,1,0,0,0,0,0,3
55,29,131,2,2.7,1,0,1,0,0,0,3
50,26,128,2,0.4,1,0,0,0,1,0,3
64,39,73,3,2.4,1,0,0,0,1,0,3
51,25,132,1,0.3,1,0,0,0,1,0,3
56,32,84,1,4.3,1,0,0,0,1,1,3
60,34,102,2,2,1,0,0,0,1,1,3
60,35,108,1,0.9,1,0,1,0,0,0,3
58,33,142,2,3.9,1,0,0,0,0,1,3
61,37,155,1,2.9,1,0,0,0,1,0,3
53,29,144,2,6.8,1,0,0,0,1,0,3
64,40,89,1,3.8,1,0,0,0,0,0,3
56,32,79,3,2.67,1,0,0,0,1,0,3
56,30,178,1,2.9,1,0,0,0,1,0,3
63,39,160,2,2.1,1,0,0,0,0,1,3
58,33,95,1,2.6,1,0,0,0,1,0,3
63,38,138,1,2.5,1,0,0,0,1,0,3
56,32,85,3,2.67,1,0,1,0,1,0,3
48,22,120,1,0,1,0,0,0,1,0,3
58,33,98,1,2.6,1,0,0,0,0,0,3
65,41,158,2,2.1,1,0,0,0,0,0,3
60,34,114,2,6.9,1,0,0,0,1,0,3
48,22,152,1,0,1,0,0,0,0,0,3
61,35,80,2,2.8,1,0,0,0,1,0,3
61,35,63,1,1.6,1,0,0,0,1,0,3
60,35,80,3,0.5,1,0,0,0,1,0,3
50,24,84,4,4.9,1,0,0,0,1,0,3
65,39,113,1,2,1,0,0,0,1,1,3
61,36,108,4,3.4,2,0,0,0,1,0,3
62,36,84,2,2.8,1,0,0,0,1,0,3
60,36,129,2,6,1,0,0,0,0,0,3
56,32,84,2,1.6,1,0,0,0,1,0,3
64,39,145,1,0.9,1,0,0,0,0,0,3
52,28,149,2,6.8,1,0,0,0,1,0,3
47,20,81,1,2.67,2,0,0,0,1,0,3
61,35,113,2,2.8,1,0,0,0,0,0,3
52,28,83,1,0,1,0,0,0,1,0,3
63,39,160,2,2.1,1,0,0,0,1,1,3
52,26,178,1,1,1,0,0,0,0,0,3
59,33,102,2,1.4,1,0,0,0,1,0,3
56,32,158,1,7.4,1,0,0,0,0,0,3
51,25,145,1,0.3,1,0,0,0,1,0,3
54,30,121,2,0.4,1,0,0,0,1,0,3
57,33,61,3,2.67,1,0,0,0,1,0,3
60,36,149,1,4.7,1,0,0,0,1,0,3
47,22,114,1,0.6,1,0,1,1,1,1,4
65,39,30,3,0.7,2,0,0,0,1,1,4
57,32,28,3,0.2,1,0,0,0,1,1,4
53,28,55,4,0.9,1,119,0,0,1,1,4
50,25,19,4,0.4,2,103,0,0,1,1,4
57,32,40,3,1.7,1,0,0,0,1,1,4
46,21,80,4,0.4,1,0,0,0,1,1,4
55,30,58,4,0.9,1,0,0,0,1,1,4
47,22,30,4,0.4,2,115,0,0,1,1,4
65,40,118,1,1.3,1,333,0,1,1,1,4
61,36,12,4,0.6,2,0,0,0,1,1,4
53,23,58,4,2,3,0,0,0,1,1,4
63,38,14,4,0.4,2,86,0,0,1,1,4
56,31,21,2,0.2,3,137,0,1,1,1,4
55,28,39,3,1,2,0,0,0,1,1,4
63,37,113,4,1.7,3,0,0,0,1,1,4
54,29,60,4,3.8,2,0,0,0,1,1,4
47,23,22,4,0.6,1,0,0,0,1,1,4
54,27,51,3,1,2,113,1,1,1,1,4
49,25,25,4,1,1,0,0,0,1,1,4
55,29,79,3,0.8,1,0,0,0,1,1,4
45,21,61,3,0.7,1,0,1,1,1,1,4
63,38,9,4,0.6,2,100,0,0,1,1,4
60,36,41,4,1.3,1,174,0,0,1,1,4
52,25,43,3,1,2,165,0,1,1,1,4
58,33,18,3,0.1,2,0,0,0,1,1,4
55,30,70,3,2,2,0,0,0,1,1,4
62,38,52,4,1.3,2,0,0,0,1,1,4
58,33,25,4,0.9,2,90,0,0,1,1,4
56,31,51,3,1.7,1,0,0,0,1,1,4
58,34,41,3,1.5,1,0,0,0,1,1,4
56,31,13,4,0.9,2,76,0,1,1,1,4
60,34,95,2,0.7,2,322,0,0,1,1,4
66,41,105,1,0.8,3,0,1,1,1,1,4
57,33,45,3,1.5,1,181,1,1,1,1,4
48,24,79,3,0.7,1,0,0,0,1,1,4
50,23,83,1,2.67,2,0,0,1,1,1,4
54,28,79,3,1.7,2,150,0,0,1,1,4
62,37,39,2,2.8,1,113,0,1,1,1,4
50,25,35,3,1.7,2,0,0,0,1,1,4
63,39,38,3,0.1,3,178,0,0,1,1,4
51,25,45,4,0.1,1,0,0,0,1,1,4
66,41,25,4,0.6,2,0,0,0,1,1,4
43,18,9,2,0,3,96,0,0,1,1,4
51,27,42,4,1.1,2,0,0,0,1,1,4
59,34,74,4,0.7,1,0,0,0,1,1,4
54,28,28,4,1.5,3,0,0,0,1,1,4
54,29,62,4,0.7,1,0,0,0,0,1,4
47,21,79,3,1.1,1,185,0,0,1,1,4
58,33,45,4,2.1,1,0,0,0,1,1,4
52,22,22,4,0.4,3,0,0,0,1,1,4
61,37,54,4,1.2,2,129,0,0,1,1,4
53,28,18,4,0.1,3,109,1,1,1,1,4
45,20,70,4,1.9,3,0,0,0,1,1,4
61,36,78,3,0.5,1,0,0,0,1,1,4
62,37,32,3,0.2,1,0,1,0,0,1,4
53,28,14,4,0.8,1,0,0,0,1,1,4
51,27,43,4,1.1,2,164,0,0,1,1,4
56,32,23,4,0.7,1,0,0,0,1,1,4
47,22,61,3,2.7,2,168,0,0,1,1,4
48,22,139,1,0,1,0,0,1,1,1,4
57,32,31,3,1.3,2,0,0,0,1,1,4
63,38,52,4,1.7,1,218,0,0,1,1,4
63,39,79,4,1.7,2,0,0,0,1,1,4
57,32,60,3,1.7,1,0,1,1,1,1,4
57,32,21,3,0.1,2,0,1,1,1,0,4
55,31,12,2,0.2,1,76,0,0,1,1,4
60,34,50,3,2.2,3,0,0,0,1,1,4
58,32,41,3,2.2,3,148,0,0,1,1,4
46,20,73,2,0.8,3,264,0,1,1,1,4
66,41,144,1,2.5,1,0,1,1,1,1,4
53,28,43,2,2.1,3,0,0,1,1,1,4
53,23,44,3,1,3,198,0,0,1,1,4
54,28,93,1,4.9,1,133,0,1,1,1,4
48,24,79,4,1.4,2,0,1,0,0,1,4
60,35,29,3,0.2,1,79,0,0,1,1,4
55,29,19,4,0.7,3,121,1,0,0,1,4
61,37,40,4,2.2,1,0,1,1,1,1,4
46,21,85,1,0.2,2,0,1,1,1,1,4
53,28,19,4,0.8,1,106,0,0,0,1,4
55,30,69,4,1.3,3,0,1,1,1,1,4
64,38,39,1,0.5,3,0,1,1,1,1,4
55,25,35,3,1,3,144,0,0,1,1,4
46,22,83,4,1.4,2,0,0,0,1,1,4
57,27,39,3,1,3,0,1,0,0,1,4
52,28,31,4,0.2,1,141,0,0,1,1,4
64,39,73,3,2.2,1,0,1,0,0,1,4
49,23,65,3,0.7,2,263,0,0,1,1,4
55,29,61,4,2.8,2,0,0,0,1,1,4
58,34,42,4,1.5,1,0,0,0,1,1,4
59,35,91,2,1.6,1,0,1,0,0,1,4
67,42,51,3,2.2,1,0,0,0,1,1,4
56,32,38,4,1.3,1,166,0,0,1,1,4
47,23,34,4,0.6,1,0,0,1,1,1,4
47,22,53,4,1.9,3,98,1,1,0,1,4
53,29,95,4,1,2,0,0,0,1,1,4
56,32,90,2,0.3,1,0,0,0,1,1,4
49,23,64,4,2.6,1,0,0,0,1,1,4
48,24,21,4,0.6,1,0,0,0,1,1,4
49,25,20,4,1,1,111,0,0,1,1,4
66,41,11,3,0.1,3,0,1,0,0,1,4
62,37,21,4,0.4,2,137,0,0,1,1,4
43,18,13,2,0.1,2,0,0,1,1,1,4
47,21,60,3,2.1,1,0,0,0,1,1,4
54,29,70,3,2,2,116,0,0,1,1,4
53,23,20,4,0.4,3,0,0,0,1,1,4
45,19,31,3,0.5,2,0,0,0,1,1,4
54,30,18,1,0.3,1,0,1,1,1,0,4
49,23,19,4,0.6,3,0,0,0,1,1,4
56,26,70,3,1.4,3,273,0,0,1,1,4
46,22,43,2,2.1,3,0,1,1,1,1,4
47,22,58,4,3.6,3,0,0,0,1,1,4
62,38,64,4,2.2,1,123,1,1,1,1,4
57,32,68,4,0.7,1,191,0,0,1,1,4
60,36,31,3,0.4,2,0,0,0,1,1,4
59,34,42,3,1.5,1,0,1,1,0,1,4
52,28,39,3,1.9,2,83,0,1,1,1,4
51,27,112,3,1.8,2,0,1,1,1,1,4
56,31,28,1,1.5,2,0,1,1,1,1,4
52,28,38,4,0.9,2,95,0,0,1,1,4
49,23,33,1,0.3,3,0,0,1,1,1,4
56,31,52,3,2,2,0,1,1,1,1,4
50,23,18,2,1,2,88,0,0,1,1,4
47,20,25,3,0.67,2,0,0,0,1,1,4
64,38,38,2,0.3,1,186,0,0,1,1,4
44,20,69,1,0.8,3,184,0,1,1,1,4
57,32,39,4,0.9,1,0,0,0,1,1,4
65,40,20,3,0.5,1,102,0,0,1,1,4
49,25,30,4,0.2,1,0,0,1,1,1,4
49,23,29,4,1.8,1,0,0,0,1,1,4
50,25,44,1,0.3,1,187,0,0,1,1,4
56,30,31,2,0.3,1,109,1,1,1,1,4
58,32,40,1,1.6,1,0,1,1,1,1,4
61,35,59,4,1.7,2,0,0,0,1,1,4
49,23,60,3,0.7,2,142,0,0,1,1,4
60,34,65,3,2.2,3,94,1,1,0,1,4
57,31,55,3,2.5,1,219,0,1,1,1,4
46,22,72,4,1.4,2,149,0,0,1,1,4
50,24,44,4,1.8,1,0,0,0,1,1,4
55,31,23,2,0.3,1,0,0,0,1,1,4
49,23,12,2,0.1,3,0,1,1,1,0,4
59,34,18,3,1.3,2,104,0,1,1,1,4
64,40,63,4,1.2,2,0,1,0,0,1,4
52,26,109,1,2.4,1,308,0,1,1,1,4
61,37,39,4,0.4,1,0,0,0,1,1,4
51,27,22,4,0.5,2,0,0,0,1,1,4
48,23,75,4,3.6,3,0,0,0,1,1,4
58,34,48,4,1.3,2,0,0,0,1,1,4
44,19,45,4,0,2,0,0,0,1,1,4
55,30,28,4,0.1,3,149,0,0,1,1,4
48,21,78,3,2,2,0,0,0,1,1,4
57,33,49,4,1.5,1,214,1,1,1,1,4
48,22,78,3,2.1,1,0,0,0,1,1,4
53,29,24,4,0.2,1,0,0,0,1,1,4
67,43,79,4,1.7,2,215,0,1,1,1,4
53,26,25,2,1,2,0,0,1,1,1,4
59,35,31,3,0.4,2,0,0,0,1,1,4
55,30,55,4,0.9,1,215,0,0,1,1,4
43,19,28,3,0.5,1,0,0,0,1,1,4
61,36,35,3,1.3,2,0,0,0,0,1,5
48,23,32,1,0.1,1,0,0,0,0,1,5
44,18,14,2,0.1,3,98,0,0,0,1,5
61,37,64,1,0,2,0,0,0,0,1,5
59,33,50,2,2.3,3,0,0,0,0,1,5
48,23,45,1,0.3,1,0,0,0,1,1,5
59,33,64,4,1.7,2,0,0,0,0,1,5
61,36,25,2,0.5,2,0,0,0,1,1,5
58,33,52,3,0.5,2,0,0,0,0,1,5
63,37,20,1,0.8,2,0,1,0,0,1,5
43,18,10,2,0.1,2,0,1,0,0,1,5
58,32,99,2,1.4,1,0,0,0,0,1,5
52,27,30,2,0.7,2,0,0,0,1,1,5
59,35,93,2,1.6,1,0,0,0,0,1,5
65,40,71,3,2.2,1,0,0,0,0,1,5
63,37,11,1,0.8,2,102,0,0,0,1,5
65,41,84,2,0,3,0,0,0,1,1,5
49,24,75,1,2.8,2,160,0,0,0,1,5
50,23,19,1,0.5,2,104,0,0,0,1,5
54,29,111,1,0.1,3,0,0,0,0,1,5
61,35,74,2,0.7,2,0,0,0,1,1,5
53,27,45,2,0.8,3,0,0,0,1,1,5
45,20,55,1,0.3,1,0,0,0,1,1,5
57,31,79,3,4.4,1,0,0,0,0,1,5
60,36,10,2,1,1,0,0,0,1,1,5
48,24,9,4,0.5,2,0,0,0,0,1,5
46,22,28,1,1,1,84,0,0,1,1,5
60,35,65,2,1.5,1,220,0,0,0,1,5
61,37,50,4,1.3,2,0,0,0,0,1,5
63,39,83,3,2,3,0,0,0,1,1,5
50,25,40,1,1.3,2,0,0,0,1,1,5
55,31,69,1,2.7,2,0,1,0,0,1,5
51,25,92,1,1.9,2,100,0,0,0,1,5
63,38,54,3,2.4,1,90,0,0,0,1,5
44,20,52,1,0.8,3,196,0,0,0,1,5
60,35,43,3,0.9,3,0,0,0,1,1,5
64,34,53,4,1.67,3,0,0,0,0,1,5
52,28,41,3,1.9,2,0,0,0,0,1,5
61,36,51,3,1.5,1,0,0,0,0,1,5
47,23,19,1,1,1,0,0,0,0,1,5
52,27,81,4,3.8,2,0,0,0,0,1,5
47,20,68,1,2.67,2,0,0,0,1,1,5
62,37,29,1,0.3,3,0,0,0,0,1,5
59,34,38,4,1.7,1,0,0,0,0,1,5
55,29,71,3,0.3,2,0,0,0,0,1,5
51,25,68,2,1.5,2,117,0,0,0,1,5
57,32,80,3,1.6,3,144,0,0,1,1,5
59,34,30,1,1.3,1,0,0,0,1,1,5
59,33,71,2,2.3,3,150,0,0,1,1,5
44,19,62,3,0.8,3,0,0,0,0,1,5
65,40,114,4,3.4,2,0,0,0,0,1,5
54,29,65,4,1.8,3,0,0,0,0,1,5
62,38,44,1,1.9,2,0,0,0,0,1,5
63,39,33,3,0.1,3,0,0,0,0,1,5
51,25,31,2,0.4,3,161,0,0,1,1,5
53,28,44,2,0.6,3,0,0,0,1,1,5
47,23,12,4,0.2,1,102,0,0,0,1,5
50,24,83,3,3,2,0,0,0,0,1,5
55,30,82,4,1.3,3,219,0,0,0,1,5
57,31,65,4,2.6,3,0,0,0,0,1,5
59,35,33,4,0.4,1,131,0,0,0,1,5
43,19,71,3,0.3,3,0,0,0,0,1,5
50,25,38,1,1.3,2,120,0,0,0,1,5
62,36,32,2,0.2,3,0,0,0,1,1,5
55,30,42,2,2,2,196,0,0,0,1,5
51,25,69,1,0.3,1,0,0,0,1,1,5
65,39,44,1,0.5,3,0,0,0,1,1,5
57,32,84,4,1.3,3,0,0,0,0,1,5
58,32,81,3,1.7,2,0,0,0,1,1,5
51,26,70,1,2.8,2,0,0,0,1,1,5
46,21,42,1,2.4,1,0,0,0,1,1,5
50,24,22,1,0.3,3,0,0,0,0,1,5
58,32,49,1,1.4,1,99,0,0,1,1,5
54,30,29,2,0.8,1,0,0,0,0,1,5
59,35,43,4,0.4,1,0,0,0,0,1,5
60,34,64,2,1.7,3,0,0,0,0,1,5
57,31,82,2,2,1,83,0,0,0,1,5
54,30,69,1,1.6,3,0,0,0,1,1,5
46,22,71,2,1.7,1,0,0,0,1,1,5
54,28,89,1,1.9,2,0,0,0,1,1,5
51,27,71,1,2.6,2,0,0,0,0,1,5
54,24,25,4,0.4,3,0,0,0,0,1,5
47,23,75,1,2.6,2,0,0,0,0,1,5
55,29,73,2,2.3,3,0,0,0,1,1,5
46,20,18,1,0.2,1,0,0,0,1,1,5
46,20,82,3,0.7,2,0,0,0,1,1,5
60,35,18,1,1.5,2,0,0,0,1,1,5
55,29,30,4,0.7,2,0,0,0,0,1,5
53,29,24,2,0.2,1,0,0,0,0,1,5
65,40,21,3,0.1,3,0,0,0,0,1,5
45,21,32,4,0.6,1,77,0,0,0,1,5
52,27,65,1,1.2,1,0,0,0,1,1,5
45,19,58,2,0.4,3,0,1,0,0,1,5
52,27,81,1,1.3,3,293,0,0,0,1,5
50,24,11,4,0.6,3,0,0,0,0,1,5
44,20,43,1,0.3,3,0,1,0,0,1,5
52,26,19,2,0.7,2,0,0,0,0,1,5
42,17,19,2,0,3,85,0,0,1,1,5
53,28,34,2,0.6,3,0,0,0,1,1,5
54,30,45,4,0.9,2,0,0,0,0,1,5
52,28,54,4,0.1,3,0,0,0,0,1,5
51,25,33,3,0.9,3,0,0,0,1,1,5
61,35,78,2,2,1,0,0,0,1,1,5
53,26,22,1,0.5,2,0,0,0,1,1,5
49,24,79,1,0.2,2,83,0,0,1,1,5
49,23,83,1,0.3,1,0,0,0,1,1,5
51,27,88,1,2.6,2,0,1,0,0,1,5
54,30,64,1,1.8,3,227,0,0,0,1,5
62,38,24,2,1,1,116,0,0,0,1,5
49,23,75,1,1.5,2,0,0,0,0,1,5
62,38,42,3,0.1,3,149,0,0,0,1,5
58,34,55,1,0.8,1,168,0,0,1,1,5
52,26,59,2,1.5,2,239,0,0,0,1,5
50,25,42,2,0.7,2,110,0,0,0,1,5
49,25,43,1,1.6,2,0,0,0,1,1,5
46,20,54,1,0.7,3,154,0,0,1,1,5
58,34,84,2,2.8,1,0,0,0,1,1,5
44,20,62,3,0.3,3,0,0,0,0,1,5
49,25,30,4,0.9,2,0,0,0,0,1,5
48,24,20,1,1,1,0,0,0,1,1,5
52,26,28,2,0.7,2,90,0,0,1,1,5
54,28,61,3,3,2,0,0,0,1,1,5
59,33,38,1,1.4,1,0,0,0,1,1,5
65,39,23,3,0.7,2,0,0,0,0,1,5
52,27,43,4,0.2,2,0,0,0,0,1,5
49,23,78,2,2.4,2,205,0,0,0,1,5
56,30,101,3,1.7,2,0,0,0,0,1,5
59,33,63,1,1.6,1,0,0,0,1,1,5
65,40,20,3,0.1,3,0,0,0,0,1,5
59,34,21,3,1.3,2,0,0,0,1,1,5
58,28,80,2,4.5,3,0,0,0,0,1,5
43,19,81,4,0.2,3,0,0,0,0,1,5
47,21,89,2,0.8,3,0,0,0,1,1,5
55,29,38,4,1.5,3,0,0,0,0,1,5
45,19,8,2,0.1,3,0,0,0,0,1,5
54,24,63,3,1.4,3,138,0,0,1,1,5
66,42,39,1,1.9,2,0,0,0,1,1,5
55,29,78,4,2.6,3,0,0,0,0,1,5
63,37,80,2,1.7,3,0,0,0,1,1,5
51,27,62,2,3.2,3,118,0,0,0,1,5
60,36,79,1,1.8,3,0,0,0,0,1,5
58,32,43,3,1.4,1,0,0,0,0,1,5
50,25,83,1,2.8,2,0,0,0,1,1,5
59,34,23,1,0.1,1,0,0,0,0,1,5
52,27,32,2,2,2,0,0,0,0,1,5
50,26,92,1,2.6,2,213,0,0,0,1,5
60,34,41,3,2.2,3,0,0,0,0,1,5
47,23,33,1,1,1,0,0,0,1,1,5
58,32,38,1,1.4,1,0,0,0,1,1,5
47,21,24,2,0.1,3,0,0,0,0,1,5
45,21,63,1,0.8,3,245,0,0,1,1,5
50,25,18,2,0,1,0,0,0,0,1,5
55,30,22,1,1.5,2,91,0,0,0,1,5
60,30,22,1,1.5,3,0,0,0,1,1,5
57,31,64,3,2.5,1,208,0,0,0,1,5
47,22,42,3,2.7,2,0,0,0,1,1,5
46,20,74,3,0.7,2,0,0,0,1,1,5
59,35,32,3,0.4,2,0,0,0,0,1,5
64,38,32,3,0.7,2,0,0,0,1,1,5
56,32,33,3,1.5,1,0,0,0,0,0,6
53,29,53,4,0.1,3,0,0,0,0,0,6
61,37,73,3,2,3,285,0,0,0,0,6
64,39,23,3,0.5,1,0,1,0,0,0,6
56,31,35,3,0.1,2,114,0,0,0,0,6
60,35,64,2,2.8,1,0,0,0,0,0,6
59,34,64,4,1.7,1,0,0,0,0,0,6
54,29,25,4,0.1,3,109,0,0,0,0,6
65,41,115,4,1.7,2,0,0,0,0,0,6
47,21,38,3,0.6,2,0,1,0,0,0,6
53,28,74,3,2,2,0,1,0,0,0,6
63,38,84,4,0.1,2,0,0,0,0,0,6
53,28,41,2,0.6,3,0,1,0,0,0,6
53,27,62,3,3,2,0,1,0,0,0,6
62,36,21,3,0.3,3,0,0,0,0,0,6
62,37,95,3,0.5,1,0,0,0,0,0,6
49,24,50,4,1.8,3,0,1,0,0,0,6
52,28,11,3,0.4,1,0,1,0,0,0,6
63,37,32,3,0.7,2,141,0,0,0,0,6
52,26,35,3,0.9,3,0,0,0,0,0,6
53,28,20,3,0.1,2,0,0,0,0,0,6
51,25,65,3,0.7,2,0,0,0,0,0,6
61,36,21,4,0.4,2,123,0,0,0,0,6
60,34,51,3,1.4,3,0,0,0,0,0,6
61,36,85,3,1.8,2,0,0,0,0,0,6
49,25,39,3,1.9,2,0,0,0,0,0,6
61,37,23,3,0.4,2,0,0,0,0,0,6
62,36,83,4,2.4,3,0,1,0,0,0,6
53,27,81,3,1.7,2,0,0,0,0,0,6
60,34,64,3,2.2,3,0,0,0,0,0,6
57,32,50,4,2.1,1,211,0,0,0,0,6
61,37,68,4,2.3,3,0,0,0,0,0,6
58,34,31,4,0.4,1,0,0,0,0,0,6
58,32,44,3,2.2,3,0,0,0,0,0,6
56,30,45,4,1.5,3,0,0,0,0,0,6
51,24,85,3,2,2,0,0,0,0,0,6
62,38,80,4,1.7,2,0,0,0,0,0,6
62,38,99,4,1.7,2,0,0,0,0,0,6
56,29,42,4,2.5,2,0,0,0,0,0,6
63,38,102,4,3.4,2,0,0,0,0,0,6
61,37,20,3,0.4,2,94,0,0,0,0,6
56,31,39,4,0.9,1,0,0,0,0,0,6
66,41,73,3,2.4,1,0,0,0,0,0,6
53,28,44,3,1.7,1,0,0,0,0,0,6
57,32,39,4,0.9,1,147,0,0,0,0,6
62,37,38,3,0.5,2,0,0,0,0,0,6
59,33,68,2,2.3,3,0,1,0,0,0,6
65,40,59,3,2.4,1,0,0,0,0,0,6
50,23,23,2,1,2,0,1,0,0,0,6
56,30,15,4,0.7,3,102,0,0,0,0,6
54,29,21,4,0.1,3,0,0,0,0,0,6
59,34,52,4,0.7,1,0,1,0,0,0,6
48,23,23,4,0.4,2,122,0,0,0,0,6
46,22,83,3,0.7,1,0,0,0,0,0,6
56,30,29,4,1.5,3,146,0,0,0,0,6
46,20,25,4,0.6,3,125,0,0,0,0,6
61,35,18,3,0.3,3,0,0,0,0,0,6
65,39,22,3,0.7,2,0,0,0,0,0,6
55,29,72,3,0.3,2,147,0,0,0,0,6
56,30,78,3,1.7,2,0,0,0,0,0,6
48,24,12,3,0.4,1,0,0,0,0,0,6
59,35,75,4,2.3,3,0,1,0,0,0,6
58,34,63,4,1.6,2,0,0,0,0,0,6
51,25,45,4,2.6,1,0,0,0,0,0,6
46,21,53,4,1.9,3,0,0,0,0,0,6
51,26,11,2,0,1,0,1,0,0,0,6
62,37,19,4,0.4,2,124,1,0,0,0,6
57,32,70,3,1.6,3,0,0,0,0,0,6
52,28,81,3,1.8,2,0,1,0,0,0,6
52,26,79,3,0.8,1,183,0,0,0,0,6
56,30,43,2,0.3,1,0,1,0,0,0,6
56,31,25,3,0.1,2,0,0,0,0,0,6
65,39,105,4,2.4,3,0,0,0,0,0,6
46,22,30,3,0.5,1,0,0,0,0,0,6
58,34,44,4,2.2,1,0,1,0,0,0,6
59,35,70,4,2.3,3,0,0,0,0,0,6
61,36,15,4,0.4,2,0,0,0,0,0,6
48,22,42,3,2.2,2,0,0,0,0,0,6
54,29,58,4,1.3,3,0,0,0,0,0,6
52,28,81,3,1.8,2,275,0,0,0,0,6
63,33,52,4,1.67,3,0,0,0,0,0,6
52,26,80,3,0.8,1,0,0,0,0,0,6
60,35,55,3,0.5,2,172,0,0,0,0,6
66,41,18,3,0.5,1,0,0,0,0,0,6
55,29,35,3,1.4,1,0,0,0,0,0,6
54,28,49,4,2.8,2,0,1,0,0,0,6
51,26,64,4,1.8,3,0,0,0,0,0,6
51,24,84,3,2,2,0,0,0,0,0,6
53,23,45,4,2,3,132,1,0,0,0,6
52,26,78,3,3,2,0,0,0,0,0,6
58,32,110,3,1.7,2,0,0,0,0,0,6
54,27,43,3,1,2,169,0,0,0,0,6
54,29,79,3,1.6,3,0,0,0,0,0,6
58,34,19,4,0.7,1,0,0,0,0,0,6
52,27,15,4,0.8,1,101,0,0,0,0,6
62,37,48,3,2.2,1,0,0,0,0,0,6
66,41,14,4,0.6,2,0,0,0,0,0,6
51,25,41,4,1.8,1,0,0,0,0,0,6
56,30,70,3,0.3,2,0,0,0,0,0,6
56,32,51,4,1.5,1,0,0,0,0,0,6
56,30,64,3,2.5,1,0,0,0,0,0,6
49,25,30,4,0.6,1,0,0,0,0,0,6
49,23,59,3,2.1,1,0,0,0,0,0,6
54,28,60,4,2.6,3,0,0,0,0,0,6
53,28,18,4,0.8,1,0,0,0,0,0,6
59,33,59,3,1.4,3,0,0,0,0,0,6
63,39,45,4,1.3,2,86,0,0,0,0,6
59,33,41,4,2.5,1,174,0,0,0,0,6
64,39,20,3,0.1,3,0,0,0,0,0,6
64,39,22,4,0.6,2,0,0,0,0,0,6
59,35,73,4,2.3,3,0,0,0,0,0,6
53,29,33,3,1.9,2,144,0,0,0,0,6
56,31,65,3,1.7,1,109,0,0,0,0,6
58,33,15,4,0.9,2,0,0,0,0,0,6
61,35,81,4,1.9,2,0,0,0,0,0,6
51,25,44,3,0.9,3,0,0,0,0,0,6
60,36,62,4,2.2,1,0,0,0,0,0,6
48,23,63,4,3.6,3,0,0,0,0,0,6
49,23,23,4,0.6,3,98,1,0,0,0,6
61,36,60,3,0.5,2,182,0,0,0,0,6
62,37,83,3,1.8,2,187,1,0,0,0,6
45,21,61,3,0.7,1,0,0,0,0,0,6
59,33,91,4,1.9,2,329,0,0,0,0,6
52,27,28,3,1.7,2,0,0,0,0,0,6
47,23,12,4,0.5,2,0,0,0,0,0,6
48,21,23,3,0.67,2,95,0,0,0,0,6
62,37,15,3,0.1,3,91,0,0,0,0,6
54,30,78,3,1.8,2,0,0,0,0,0,6
55,29,42,4,2.5,1,0,1,0,0,0,6
52,27,61,4,1.8,3,207,0,0,0,0,6
50,26,11,4,0.2,1,0,1,0,0,0,6
52,28,25,4,1,1,0,0,0,0,0,6
49,25,13,4,0.2,1,87,0,0,0,0,6
64,38,22,2,0.2,3,0,1,0,0,0,6
54,28,79,4,2.6,3,0,0,0,0,0,6
55,29,65,3,2.5,1,0,0,0,0,0,6
61,35,49,4,1.7,2,185,0,0,0,0,6
61,35,63,3,2.2,3,0,0,0,0,0,6
50,24,29,4,0.1,1,0,0,0,0,0,6
61,36,59,4,1.7,1,148,0,0,0,0,6
59,34,33,3,0.2,1,0,1,0,0,0,6
57,32,84,3,1.6,3,0,1,0,0,0,6
48,22,80,3,1.1,1,0,0,0,0,0,6
54,28,53,4,2.8,2,0,1,0,0,0,6
61,36,44,4,2.1,1,0,0,0,0,0,6
59,33,88,4,1.9,2,0,0,0,0,0,6
62,37,19,3,0.5,1,89,0,0,0,0,6
50,26,40,4,1.1,2,131,0,0,0,0,6
47,21,49,3,2.2,2,0,1,0,0,0,6
55,29,21,4,0.7,3,0,0,0,0,0,6
46,20,49,3,2.2,2,0,0,0,0,0,6
64,39,24,4,0.6,2,0,0,0,0,0,6
59,35,8,4,0.7,1,91,1,0,0,0,6
62,32,53,4,1.67,3,142,0,0,0,0,6
55,30,32,4,0.1,3,0,1,0,0,0,6
48,23,35,4,0.4,2,118,0,0,0,0,6
56,29,41,4,2.5,2,0,0,0,0,0,6
52,27,81,4,3.8,2,0,0,0,0,0,6
54,28,81,3,0.8,1,0,0,0,0,0,6
46,22,53,2,1.7,1,109,0,0,0,0,7
49,23,22,1,0.3,3,0,0,0,0,0,7
59,29,61,1,1.4,3,0,0,0,0,0,7
61,36,41,2,1.5,1,0,0,0,0,0,7
56,32,11,2,0.3,1,89,0,0,0,0,7
58,32,38,1,2.2,3,0,0,0,0,0,7
50,26,23,1,0.3,1,0,0,0,0,0,7
44,20,68,1,0.8,3,91,0,0,0,0,7
55,30,84,2,0,3,0,0,0,0,0,7
52,27,113,1,0.1,3,0,0,0,0,0,7
48,24,29,1,1,1,0,0,0,0,0,7
57,33,43,1,1.8,3,0,0,0,0,0,7
57,33,45,1,1.8,3,195,0,0,0,0,7
49,25,24,1,0.3,1,0,0,0,0,0,7
45,21,24,1,0.9,3,0,0,0,0,0,7
63,39,50,1,0,2,166,0,0,0,0,7
55,30,85,1,0.1,3,0,0,0,0,0,7
47,22,15,2,0.7,3,0,0,0,0,0,7
49,23,82,2,2.4,2,0,0,0,0,0,7
58,32,28,2,0.3,1,148,0,0,0,0,7
51,25,91,1,0.8,3,0,0,0,0,0,7
58,28,70,1,1.4,3,0,0,0,0,0,7
56,31,61,2,1.9,2,105,0,0,0,0,7
55,29,53,1,1.4,1,0,0,0,0,0,7
49,23,71,1,1.4,3,0,0,0,0,0,7
58,28,73,1,1.4,3,0,1,0,0,0,7
60,35,24,1,0.1,1,0,0,0,0,0,7
54,30,24,1,0.1,2,0,0,0,0,0,7
52,28,55,2,3.2,3,151,0,0,0,0,7
51,26,20,2,0,1,0,0,0,0,0,7
55,30,79,2,0,3,0,0,0,0,0,7
60,34,60,1,2.5,3,103,0,0,0,0,7
45,19,38,2,0.7,1,0,0,0,0,0,7
49,23,81,2,0.8,3,0,0,0,0,0,7
50,23,64,1,2.67,2,0,0,0,0,0,7
55,30,28,1,1.5,2,0,0,0,0,0,7
62,37,44,1,1.1,3,0,0,0,0,0,7
62,36,58,1,0.8,2,0,0,0,0,0,7
62,37,9,1,0.1,1,94,0,0,0,0,7
57,32,38,2,2.1,3,0,0,0,0,0,7
59,33,72,2,0.7,2,226,0,0,0,0,7
54,30,70,1,1.6,3,265,0,0,0,0,7
53,29,12,1,0.3,1,0,0,0,0,0,7
51,25,29,1,0.3,3,140,0,0,0,0,7
48,22,90,2,0.8,3,205,0,0,0,0,7
54,30,58,2,3.2,3,0,0,0,0,0,7
56,26,90,2,4.5,3,0,0,0,0,0,7
46,21,41,1,0.5,3,0,0,0,0,0,7
54,28,49,1,2.2,3,128,0,0,0,0,7
62,32,19,1,1.5,3,0,1,0,0,0,7
51,27,19,1,0.2,1,0,0,0,0,0,7
51,25,19,1,1.4,3,98,0,0,0,0,7
56,30,60,1,2.2,3,0,0,0,0,0,7
61,36,10,1,0.1,1,0,0,0,0,0,7
51,27,10,2,0.2,1,86,0,0,0,0,7
46,21,30,1,1.4,3,112,1,0,0,0,7
58,32,75,2,2.3,3,0,0,0,0,0,7
47,21,22,1,0.2,1,104,0,0,0,0,7
67,43,41,2,1.1,1,0,0,0,0,0,7
57,32,23,2,0.2,3,0,0,0,0,0,7
58,28,95,1,3,3,0,0,0,0,0,7
55,30,39,2,1.9,2,0,0,0,0,0,7
53,27,93,1,0.8,3,313,0,0,0,0,7
42,17,9,2,0,3,0,0,0,0,0,7
63,39,41,2,1.1,1,0,0,0,0,0,7
64,39,38,1,1.1,3,108,0,0,0,0,7
57,32,30,2,2,2,0,0,0,0,0,7
54,24,83,1,3,3,0,0,0,0,0,7
55,29,94,1,0.8,3,221,0,0,0,0,7
44,20,39,2,2.1,3,119,0,0,0,0,7
58,32,40,2,0.3,1,0,0,0,0,0,7
49,23,68,1,1.5,2,0,0,0,0,0,7
50,25,45,2,0.6,3,0,0,0,0,0,7
58,34,19,1,1.2,3,0,0,0,0,0,7
65,39,35,1,0.5,3,0,0,0,0,0,7
57,32,80,2,0,3,0,0,0,0,0,7
48,22,84,2,0.4,3,145,0,0,0,0,7
48,22,54,1,1.2,2,0,0,0,0,0,7
43,18,22,2,0.3,2,0,0,0,0,0,7
64,40,90,2,0,3,134,0,0,0,0,7
59,33,34,2,0.3,1,0,0,0,0,0,7
50,24,32,1,1.4,3,167,0,0,0,0,7
48,23,79,1,0.2,2,0,0,0,0,0,7
46,21,92,1,0.2,2,0,0,0,0,0,7
56,31,64,2,2.3,3,0,0,0,0,0,7
65,40,29,1,1.5,2,0,0,0,0,0,7
49,24,91,1,2.8,2,0,0,0,0,0,7
45,20,94,3,0.5,3,0,0,0,0,0,7
45,20,22,1,0.1,1,0,0,0,0,0,7
53,29,10,2,0.4,1,0,0,0,0,0,7
63,39,24,2,0.3,3,0,0,0,0,0,7
59,33,18,2,0.2,3,0,0,0,0,0,7
57,27,73,1,3,3,0,0,0,0,0,7
65,41,42,1,1.9,2,0,0,0,0,0,7
54,29,23,1,1.5,2,0,0,0,0,0,7
57,32,44,2,1.9,2,157,0,0,0,0,7
60,34,64,1,0.8,2,248,0,0,0,0,7
43,19,75,3,0.3,3,0,0,0,0,0,7
65,40,40,1,1.1,3,0,0,0,0,0,7
54,30,13,1,0.3,1,0,0,0,0,0,7
51,25,68,1,1.5,2,0,0,0,0,0,7
52,26,114,2,2.4,2,0,0,0,0,0,7
65,39,21,2,0.4,1,0,0,0,0,0,7
49,23,23,1,1.4,3,0,0,0,0,0,7
52,28,101,2,0.3,1,0,0,0,0,0,7
61,36,29,1,1.3,1,0,0,0,0,0,7
43,18,41,1,0.5,3,0,0,0,0,0,7
47,22,53,1,0.3,1,213,0,0,0,0,7
63,39,32,1,1.9,2,100,0,0,0,0,7
48,23,35,2,1.3,1,0,0,0,0,0,7
61,36,23,1,0.1,1,96,0,0,0,0,7
52,28,72,1,0,1,178,0,0,0,0,7
50,24,81,2,0.4,3,0,0,0,0,0,7
61,35,38,2,0.3,1,0,0,0,0,0,7
67,41,20,2,0.4,1,80,0,0,0,0,7
48,22,39,1,1.2,2,0,0,0,0,0,7
52,26,71,1,1.4,3,0,0,0,0,0,7
55,30,64,2,1.9,2,0,0,0,0,0,7
65,41,55,2,1.1,1,0,0,0,0,0,7
49,24,68,1,0.2,2,163,0,0,0,0,7
58,32,40,1,2.8,2,0,0,0,0,0,7
49,25,53,2,1,3,181,0,0,0,0,7
49,25,8,1,0.3,1,97,0,0,0,0,7
56,30,73,2,1.1,1,0,0,0,0,0,7
54,24,75,1,1.4,3,0,0,0,0,0,7
55,29,92,1,1.9,2,0,0,0,0,0,7
61,35,61,1,1.6,1,0,0,0,0,0,7
47,21,93,2,0.8,3,107,0,0,0,0,7
50,25,81,1,1.2,1,0,0,0,0,0,7
49,24,38,1,1.4,3,0,0,0,0,0,7
54,28,94,1,1.9,2,0,0,0,0,0,7
59,35,55,1,1.8,3,0,1,0,0,0,7
62,38,23,2,0.3,3,0,0,0,0,0,7
55,30,99,1,0.1,3,0,0,0,0,0,7
50,26,19,1,0.9,3,0,0,0,0,0,7
65,41,91,2,0,3,146,0,0,0,0,7
51,25,71,1,1.4,3,198,0,0,0,0,7
50,25,29,2,1.3,1,0,0,0,0,0,7
49,23,70,1,0.3,1,217,0,0,0,0,7
43,18,22,2,0,3,0,0,0,0,0,7
64,38,59,1,2.5,3,220,0,0,0,0,7
45,19,11,1,0.2,1,91,0,0,0,0,7
52,28,55,1,1.6,2,227,0,0,0,0,7
62,36,75,2,1.7,3,0,0,0,0,0,7
42,17,23,2,0,3,0,0,0,0,0,7
46,20,39,1,0.2,1,0,0,0,0,0,7
63,38,32,1,1.5,2,0,0,0,0,0,7
60,36,59,1,0,2,0,1,0,0,0,7
61,35,59,1,2.8,2,0,0,0,0,0,7
60,35,24,1,1.5,2,0,0,0,0,0,7
63,37,61,1,2.5,3,0,0,0,0,0,7
61,36,24,1,1.5,2,87,1,0,0,0,7
57,31,30,2,0.7,2,145,0,0,0,0,7
49,24,51,1,1.3,2,0,0,0,0,0,7
50,26,12,1,0.2,1,96,0,0,0,0,7
63,39,53,1,0.8,1,0,0,0,0,0,7
61,35,38,2,1,3,0,0,0,0,0,7
60,34,62,1,0.8,2,0,0,0,0,0,7
46,22,73,1,0.8,3,117,0,0,0,0,7
43,17,55,3,2.2,2,0,0,0,0,0,8
41,15,62,3,0.9,3,0,0,0,0,0,8
44,19,74,4,1.9,3,0,0,0,0,0,8
26,1,18,2,0.9,3,95,0,0,0,0,8
30,4,23,4,0.3,2,121,0,0,0,0,8
40,16,42,4,2.2,2,126,0,0,0,0,8
40,16,82,1,3.6,2,0,0,0,0,0,8
38,12,89,4,1.4,2,0,0,0,0,0,8
43,19,52,4,2.2,2,0,0,0,0,0,8
40,13,69,3,2.33,2,0,0,0,0,0,8
26,-1,44,1,2,2,0,0,0,0,0,8
41,17,49,4,2.2,2,0,0,0,0,0,8
32,8,14,3,0.9,3,111,0,0,0,0,8
35,8,43,2,1.67,2,0,0,0,0,0,8
31,5,79,4,2.2,2,0,0,0,0,0,8
41,17,34,1,2,2,0,0,0,0,0,8
44,18,72,1,0.7,3,155,0,0,0,0,8
29,5,72,3,0.7,2,81,0,0,0,0,8
29,5,31,1,1,3,0,0,0,0,0,8
29,3,73,3,0.3,3,0,0,0,0,0,8
34,10,42,1,1.5,2,131,0,0,0,0,8
26,0,44,4,1.3,3,0,1,0,0,0,8
39,15,33,1,2,2,0,0,0,0,0,8
34,9,105,3,1.2,3,0,1,0,0,0,8
38,14,54,2,0.6,3,218,0,0,0,0,8
35,11,25,2,1,2,0,0,0,0,0,8
39,13,30,3,0.2,2,0,0,0,0,0,8
27,3,18,1,0.4,3,0,0,0,0,0,8
42,18,39,3,2.1,3,0,0,0,0,0,8
41,16,15,2,0.3,2,83,0,0,0,0,8
29,2,30,4,1,3,0,0,0,0,0,8
30,5,38,4,2,2,0,1,0,0,0,8
30,6,48,1,2.1,3,0,0,0,0,0,8
39,14,24,2,0.3,2,0,0,0,0,0,8
46,20,91,4,2.6,3,0,0,0,0,0,8
31,1,51,2,1.75,3,0,0,0,0,0,8
41,16,75,1,3.7,3,280,0,0,0,0,8
30,4,44,1,1.9,3,143,0,0,0,0,8
43,17,51,1,0.7,3,0,0,0,0,0,8
41,16,64,3,0.5,3,0,0,0,0,0,8
28,3,95,2,1.8,2,0,0,0,0,0,8
37,11,35,2,0.8,3,0,0,0,0,0,8
34,8,52,4,2.2,2,0,0,0,0,0,8
26,2,30,1,1,3,111,0,0,0,0,8
26,1,80,1,0.8,2,150,0,0,0,0,8
26,1,50,4,0.6,2,0,0,0,0,0,8
43,19,45,3,0.6,2,0,0,0,0,0,8
31,1,74,4,4,3,0,0,0,0,0,8
39,13,78,1,2.8,3,0,0,0,0,0,8
34,8,40,2,2,3,89,0,0,0,0,8
25,0,30,2,1.7,2,0,0,0,0,0,8
29,3,54,4,1.8,3,0,0,0,0,0,8
35,11,85,4,0.1,2,131,0,0,0,0,8
42,18,54,4,2.2,2,0,0,0,0,0,8
41,15,59,4,0.2,3,0,0,0,0,0,8
27,3,35,1,1.8,2,0,0,0,0,0,8
34,10,68,3,2.6,2,0,0,0,0,0,8
41,15,41,2,2.4,2,105,0,0,0,0,8
45,20,55,4,1.9,3,164,1,0,0,0,8
35,9,84,4,2.2,2,322,0,0,0,0,8
41,15,88,1,2.8,3,0,1,0,0,0,8
42,18,51,3,2.1,3,0,0,0,0,0,8
34,10,41,1,2.4,2,0,0,0,0,0,8
26,0,42,4,1.3,3,0,1,0,0,0,8
33,7,29,1,0.6,3,0,0,0,0,0,8
36,10,65,4,2.2,2,0,0,0,0,0,8
34,10,83,2,2,2,148,0,0,0,0,8
44,18,33,3,0.5,2,0,0,0,0,0,8
37,11,22,3,0.1,2,114,0,0,0,0,8
28,2,55,3,1.1,2,0,0,0,0,0,8
31,5,99,4,1.8,2,268,0,0,0,0,8
33,6,49,2,1.67,2,214,0,0,0,0,8
32,7,28,4,1.1,3,0,0,0,0,0,8
39,13,50,2,2.4,2,0,0,0,0,0,8
42,18,43,1,0.3,3,158,0,0,0,0,8
34,10,19,4,0.4,2,0,0,0,0,0,8
28,3,51,2,1.6,3,123,0,0,0,0,8
37,12,72,4,0.7,3,0,0,0,0,0,8
43,18,60,2,2.2,3,115,0,0,0,0,8
46,19,38,3,2.5,2,135,0,0,0,0,8
35,10,24,4,1.1,3,0,0,0,0,0,8
24,-1,78,2,1.8,2,0,0,0,0,0,8
33,7,39,2,2,3,0,0,0,0,0,8
37,11,11,3,0.1,2,0,0,0,0,0,8
35,9,50,4,2.2,2,0,0,0,0,0,8
41,15,65,3,0.5,3,0,0,0,0,0,8
25,-1,53,3,2.4,2,0,0,0,0,0,8
35,5,68,4,1.8,3,0,0,0,0,0,8
32,6,73,4,2.2,2,0,0,0,0,0,8
45,19,93,4,2.6,3,0,0,0,0,0,8
39,13,33,4,1.5,3,0,0,0,0,0,8
35,9,100,1,2.7,2,0,0,0,0,0,8
41,16,21,2,0.1,2,0,0,0,0,0,8
44,19,78,2,3.8,3,268,0,0,0,0,8
29,3,108,4,1.8,2,0,0,0,0,0,8
31,4,28,1,2,2,0,0,0,0,0,8
36,6,90,4,1.8,3,0,1,0,0,0,8
39,13,25,2,0.8,3,0,0,0,0,0,8
32,8,45,1,2.4,2,0,0,0,0,0,8
34,10,22,1,0.5,3,85,0,0,0,0,8
40,14,30,2,0.8,3,86,0,0,0,0,8
43,18,84,1,4,3,0,0,0,0,0,8
39,13,69,3,0.9,2,0,0,0,0,0,8
29,2,33,1,2,2,160,0,0,0,0,8
38,14,71,4,2,3,0,0,0,0,0,8
42,16,38,3,0.9,3,0,0,0,0,0,8
40,15,8,2,0.1,2,0,0,0,0,0,8
31,4,39,2,1,2,0,0,0,0,0,8
31,5,54,4,2.2,2,0,0,0,0,0,8
32,6,83,4,2.2,2,0,0,0,0,0,8
28,3,65,3,2.6,3,0,1,0,0,0,8
43,18,63,3,0.8,3,0,1,0,0,0,8
30,4,80,4,1.8,2,0,0,0,0,0,8
41,14,9,3,1,2,0,0,0,0,0,8
41,17,85,4,0.2,3,229,0,0,0,0,8
42,17,95,3,0.5,3,0,0,0,0,0,8
25,0,28,2,1.7,2,0,0,0,0,0,8
41,15,29,2,0.8,3,98,0,0,0,0,8
27,1,41,4,1.8,3,147,0,0,0,0,8
39,15,25,1,1.4,3,0,0,0,0,0,8
34,9,101,3,0.6,2,0,0,0,0,0,8
31,7,18,1,0.4,3,0,0,0,0,0,8
23,-2,81,2,1.8,2,0,0,0,0,0,8
45,18,42,3,2.5,2,0,0,0,0,0,8
27,0,33,4,1,3,0,0,0,0,0,8
29,2,38,1,2,2,0,0,0,0,0,8
31,5,101,1,2.9,3,170,1,0,0,0,8
40,16,83,4,0.2,3,0,0,0,0,0,8
39,13,63,4,0.2,3,242,0,0,0,0,8
41,17,81,4,0.2,3,167,1,0,0,0,8
39,15,65,1,1.5,3,0,0,0,0,0,8
31,1,60,4,4,3,244,0,0,0,0,8
27,3,32,3,1,2,0,0,0,0,0,8
38,11,69,3,2.33,2,0,0,0,0,0,8
43,13,33,1,0.75,3,0,0,0,0,0,8
36,12,58,1,3.6,2,0,0,0,0,0,8
37,11,59,4,0.2,3,0,0,0,0,0,8
36,11,15,2,0.3,2,119,0,0,0,0,8
43,19,63,3,2.1,3,0,0,0,0,0,8
31,5,82,4,2.2,2,0,0,0,0,0,8
35,5,22,1,0.67,3,103,0,0,0,0,8
45,18,53,3,2.5,2,112,0,0,0,0,8
38,12,61,3,0.9,3,0,0,0,0,0,8
39,9,29,3,2,3,151,1,0,0,0,8
44,19,40,4,1.9,3,84,0,0,0,0,8
34,10,71,4,0.1,2,0,0,0,0,0,8
30,3,33,4,1.5,2,85,0,0,0,0,8
38,13,84,4,0.7,3,0,0,0,0,0,8
25,0,52,3,2.6,3,159,0,0,0,0,8
27,1,42,3,2.4,2,0,0,0,0,0,8
35,11,21,2,1,2,0,0,0,0,0,8
32,7,41,4,2,2,0,0,0,0,0,8
39,13,59,3,0.9,3,199,1,0,1,0,8
28,4,69,3,0.7,2,170,0,0,0,0,8
26,1,54,4,0.6,2,230,0,0,0,0,8
42,15,73,3,2.33,2,0,0,0,0,0,8
33,3,71,4,1.8,3,236,0,0,0,0,8
42,17,28,1,0.5,3,90,0,0,0,0,8
38,12,52,2,2.4,2,147,0,0,0,0,8
37,11,69,3,2.1,1,0,1,0,0,0,9
43,17,45,2,0.7,1,0,0,0,0,0,9
35,9,44,3,0.9,1,89,0,0,0,0,9
36,11,40,2,1.1,2,166,1,0,0,0,9
27,2,155,1,0.8,1,0,0,0,0,0,9
25,0,65,4,0.2,1,0,1,0,0,0,9
40,15,43,4,1.7,1,98,0,0,0,0,9
29,5,112,2,2,2,382,1,0,0,0,9
46,22,53,4,1.9,1,187,0,0,0,0,9
38,14,82,4,2.67,1,0,0,0,0,0,9
29,4,41,1,1,1,0,0,0,0,0,9
39,15,129,2,1.9,1,0,0,0,0,0,9
24,-2,50,3,2.4,2,0,1,0,0,0,9
44,18,84,3,1.1,1,0,0,0,0,0,9
35,9,23,4,0.3,1,0,0,0,0,0,9
28,2,93,2,0.2,1,0,0,0,0,0,9
34,8,18,4,0.3,1,0,0,0,0,0,9
26,2,135,1,1.5,1,0,0,0,0,0,9
28,3,120,1,0.8,1,170,0,0,0,0,9
35,10,21,3,1.3,1,115,0,0,0,0,9
43,17,98,3,1.1,1,0,0,0,0,0,9
41,15,95,3,0.1,1,240,1,0,0,0,9
37,13,45,1,1.8,1,0,0,0,0,0,9
41,16,98,3,1,1,296,0,0,0,0,9
32,6,22,4,0.3,1,0,0,0,0,0,9
39,15,91,2,1.7,2,151,0,0,0,0,9
47,21,82,3,2.1,1,0,0,0,0,0,9
27,3,20,4,1,1,0,0,0,0,0,9
41,17,55,2,1.7,1,0,0,0,0,0,9
37,13,70,2,2.7,1,0,0,0,0,0,9
40,15,82,3,1,1,309,0,0,0,0,9
31,5,43,1,1.5,1,0,0,0,0,0,9
28,4,58,3,1.5,1,131,0,0,0,0,9
43,19,113,1,1.7,1,0,0,0,0,0,9
37,11,71,2,1.8,1,127,1,0,0,0,9
39,15,62,4,2.4,1,86,0,0,0,0,9
44,20,50,3,2.33,1,200,0,0,0,0,9
32,6,41,3,0.9,1,179,0,0,0,0,9
33,9,38,1,1.33,1,115,0,0,0,0,9
31,5,28,4,0.8,1,0,0,0,0,0,9
26,2,20,4,1,1,116,0,0,0,0,9
26,2,104,3,2.5,1,0,0,0,0,0,9
36,11,32,3,1.3,1,0,0,0,0,0,9
47,21,120,1,0,1,135,0,0,0,0,9
42,18,52,2,2.5,1,0,0,0,0,0,9
41,16,25,2,0.1,2,91,1,0,0,0,9
37,11,194,2,0,1,0,0,0,0,0,9
35,9,45,3,0.9,1,101,1,0,0,0,9
34,9,60,3,2.3,1,0,0,0,0,0,9
36,10,39,1,2,1,153,0,0,0,0,9
34,10,51,3,2,1,130,0,0,0,0,9
42,16,49,1,2.8,1,0,0,0,0,0,9
41,15,55,1,2.8,1,0,0,0,0,0,9
45,19,93,2,1.7,2,0,0,0,0,0,9
38,12,43,4,0.2,1,0,0,0,0,0,9
46,20,64,4,2.9,1,189,0,0,0,0,9
38,14,104,2,1.8,2,79,0,0,0,0,9
42,17,73,4,0.4,1,0,1,0,0,0,9
30,4,44,1,1.5,1,109,0,0,0,0,9
43,19,32,4,0.3,1,0,0,0,0,0,9
34,8,41,4,0.8,1,0,0,0,0,0,9
30,6,72,1,0.1,1,207,0,0,0,0,9
34,8,28,3,0.9,1,0,0,0,0,0,9
30,4,78,4,2.2,2,236,1,0,0,0,9
40,15,82,2,0.4,1,0,0,0,0,0,9
42,17,114,2,0.4,1,0,0,0,0,0,9
42,18,114,1,0.3,1,0,0,0,0,0,9
37,12,81,1,2.8,1,0,0,0,0,0,9
33,7,101,1,2.7,2,233,0,0,0,0,9
42,16,35,3,1.5,1,0,0,0,0,0,9
47,23,130,2,1.4,1,0,0,0,0,0,9
37,13,73,4,2.4,1,0,0,0,0,0,9
43,18,113,2,0.4,1,325,1,0,0,0,9
37,11,24,4,1,1,0,0,0,0,0,9
34,8,75,2,1.8,1,0,0,0,0,0,9
24,0,88,3,0.8,1,134,0,0,0,0,9
37,13,95,2,1.7,2,83,0,0,0,0,9
26,2,82,2,2.5,1,199,0,0,0,0,9
31,5,111,2,0.2,1,0,0,0,0,0,9
25,1,49,4,1.6,1,0,1,0,0,0,9
42,15,14,3,1,2,0,1,0,0,0,9
39,13,69,3,0.1,1,0,0,0,0,0,9
39,15,41,2,1.7,1,0,0,0,0,0,9
33,7,92,3,1.6,1,0,0,0,0,0,9
38,14,25,4,1,1,0,0,0,0,0,9
31,5,20,2,0.3,1,0,0,0,0,0,9
40,15,85,2,0.4,1,0,1,0,0,0,9
34,9,70,4,1.3,1,0,1,0,0,0,9
31,5,23,3,1,1,95,0,0,0,0,9
29,3,121,2,1.3,1,0,0,0,0,0,9
25,-1,13,4,0.4,1,0,1,0,0,0,9
36,11,9,2,0.3,2,99,1,0,0,0,9
43,18,44,1,2.4,1,0,0,0,0,0,9
27,2,101,1,1.9,1,0,0,0,0,0,9
36,12,92,2,0,1,184,0,0,0,0,9
41,17,14,1,1,1,0,0,0,0,0,9
28,2,51,4,1.8,2,0,1,0,0,0,9
38,14,44,2,1.7,1,0,0,0,0,0,9
37,13,111,1,0.8,2,0,0,0,0,0,9
40,14,54,2,0.7,1,0,0,0,0,0,9
25,0,91,2,1.8,2,321,0,0,0,0,9
26,1,61,4,2.2,1,119,0,0,0,0,9
35,11,53,3,2.8,1,0,0,0,0,0,9
43,18,74,4,0.4,1,0,0,0,0,0,9
33,7,73,1,2.5,1,135,0,0,0,0,9
36,12,59,3,2,1,216,0,0,0,0,9
42,16,55,2,0.7,1,149,0,0,0,0,9
28,3,123,1,0.8,1,146,0,0,0,0,9
27,3,125,2,0.6,1,0,0,0,0,0,9
34,8,21,4,1,1,0,0,0,0,0,9
42,18,22,1,1,1,0,0,0,0,0,9
36,11,83,1,2.8,1,0,0,0,0,0,9
35,8,30,4,1,2,0,1,0,0,0,9
26,1,102,1,1.9,1,0,0,0,0,0,9
35,9,142,2,0,1,0,1,0,1,0,9
40,16,83,1,0.8,2,230,1,0,1,0,9
46,22,69,2,1.7,1,209,0,0,0,0,9
41,17,11,1,1,1,0,0,0,0,0,9
40,16,60,2,3.2,1,0,0,0,0,0,9
34,9,35,3,1.3,1,0,0,0,0,0,9
43,19,60,2,2.5,1,0,1,0,0,0,9
42,18,34,1,2,2,0,1,0,0,0,9
37,13,75,3,2.6,2,0,1,0,0,0,9
28,3,81,4,0.2,1,0,0,0,0,0,9
29,4,115,1,1.9,1,0,0,0,0,0,9
46,20,69,3,2.1,1,0,0,0,0,0,9
37,13,61,3,2.8,1,0,0,0,0,0,9
44,18,68,4,2.9,1,0,1,0,0,0,9
34,8,14,4,0.3,1,0,0,0,0,0,9
38,14,49,1,1.8,1,0,0,0,0,0,9
29,3,49,1,1.5,1,0,0,0,0,0,9
37,13,82,2,2.2,1,0,0,0,0,0,9
37,11,30,2,0.3,1,146,0,0,0,0,9
41,17,45,1,1.8,1,172,1,0,1,0,9
25,0,99,1,1.9,1,323,0,0,0,0,9
31,5,29,1,0.3,1,0,0,0,0,0,9
39,15,89,2,1.9,1,0,0,0,0,0,9
32,6,32,2,0.3,1,0,0,0,0,0,9
40,16,75,3,2.33,1,79,0,0,0,0,9
30,4,50,1,1.5,1,0,0,0,0,0,9
42,18,90,4,0.8,1,245,1,0,0,0,9
39,15,79,2,1.8,2,219,0,0,0,0,9
34,10,34,1,1.7,1,164,0,0,0,0,9
32,8,79,1,0.1,1,0,0,0,0,0,9
44,20,75,4,1.9,1,0,0,0,0,0,9
35,11,82,4,3.4,1,0,0,0,0,0,9
31,6,44,4,0.8,1,0,0,0,0,0,9
27,3,88,3,0.8,1,238,0,0,0,0,9
45,21,69,4,1.9,1,0,0,0,0,0,9
39,13,69,3,0.1,1,247,0,0,0,0,9
34,8,44,4,0.2,1,0,0,0,0,0,9
44,19,70,1,0.2,2,230,1,0,0,0,9
27,3,75,4,0,1,0,0,0,0,0,9
37,11,43,4,1.2,2,0,1,0,0,0,9
33,9,64,4,3.4,1,0,0,0,0,0,9
35,10,72,3,2.3,1,285,0,0,0,0,9
45,19,73,4,2.9,1,0,0,0,0,0,9
39,14,74,3,3,1,0,0,0,0,0,9
33,8,58,4,1.3,1,0,1,0,0,0,9
48,22,98,2,6.3,1,0,0,0,0,0,10
46,22,144,2,3.3,1,0,0,0,1,1,10
43,17,158,1,2.4,1,0,0,0,1,0,10
46,22,83,1,2.7,1,0,0,0,1,0,10
26,2,195,1,6.33,1,0,0,0,0,0,10
34,10,155,2,6.5,1,0,0,0,1,1,10
39,15,141,2,8,1,0,0,0,1,0,10
38,13,191,2,3,1,0,0,0,1,0,10
48,24,224,2,6.67,1,0,0,1,1,1,10
33,8,162,1,8.6,1,0,0,1,1,1,10
33,8,182,1,8.6,1,0,0,0,0,0,10
35,10,164,2,7.8,1,0,0,0,1,0,10
46,22,118,2,7.5,1,0,0,1,1,1,10
46,21,204,2,2.8,1,0,0,0,1,0,10
42,18,131,1,3.4,1,0,0,0,0,1,10
48,24,133,1,5,1,0,0,0,0,0,10
41,16,115,1,7,1,0,0,0,0,0,10
30,4,194,2,4.5,1,0,0,0,0,1,10
41,16,154,1,7,1,0,0,0,0,1,10
45,20,200,2,8.8,1,0,0,0,1,1,10
50,24,150,1,7.3,1,0,0,0,1,1,10
43,18,204,2,8.8,1,0,0,0,1,0,10
38,14,122,2,8,1,0,0,0,1,1,10
45,21,128,1,4.7,1,0,0,0,0,0,10
43,19,161,2,7.5,1,0,0,0,0,0,10
30,5,121,2,3.3,1,0,0,0,0,1,10
30,5,122,2,3.1,1,0,0,0,0,0,10
40,15,132,2,3.9,1,0,0,0,1,0,10
32,8,115,1,4,1,0,0,0,0,0,10
39,15,128,1,3.4,1,0,0,0,0,0,10
32,7,134,2,3.1,1,0,0,0,0,0,10
35,10,143,1,8.6,1,0,0,0,1,1,10
27,3,123,1,5.4,1,0,0,0,0,0,10
30,6,141,2,4.33,1,0,0,0,1,0,10
40,15,144,1,4.1,1,0,0,0,0,0,10
35,10,105,1,4.6,1,0,0,0,0,0,10
45,21,164,1,5,1,0,0,0,0,1,10
37,12,160,2,3.3,1,0,0,0,0,0,10
31,6,180,2,6.7,1,0,0,0,0,0,10
43,19,129,1,5,1,0,1,0,1,0,10
25,1,150,1,6.33,1,0,0,0,0,0,10
39,14,165,2,3.3,1,0,0,0,1,0,10
37,12,132,2,3.9,1,0,0,0,0,0,10
31,7,149,1,6,1,0,0,0,0,0,10
40,14,123,1,5.2,1,0,0,0,1,0,10
47,21,141,1,2.4,1,0,0,0,0,0,10
23,-3,149,2,7.2,1,0,0,0,1,0,10
38,13,163,1,4.1,1,0,0,0,0,0,10
35,10,132,1,3.8,1,82,0,0,0,1,10
31,6,174,2,6.7,1,0,0,0,1,1,10
43,19,128,1,4.7,1,0,0,0,1,0,10
31,7,180,1,4.3,1,0,0,0,0,0,10
46,22,152,2,1.4,1,0,0,0,1,0,10
46,20,158,1,2.4,1,0,0,0,1,1,10
47,23,199,2,6.67,1,0,0,0,1,0,10
37,13,153,2,6.5,1,0,0,0,1,1,10
35,10,128,1,3.8,1,0,0,0,1,0,10
41,17,141,2,7.6,1,92,0,0,0,0,10
44,20,129,2,3.3,1,0,0,0,1,0,10
48,24,134,1,5,1,0,0,0,0,1,10
50,24,152,1,7.3,1,0,0,0,1,0,10
45,21,158,2,6.67,1,132,0,0,1,1,10
40,16,115,1,3.4,1,0,0,0,1,0,10
50,24,102,2,6.3,1,0,0,0,1,0,10
44,20,149,1,1.7,1,0,0,0,1,0,10
47,23,138,2,3.3,1,0,0,0,1,1,10
25,1,118,1,5.4,1,0,0,0,1,1,10
36,12,188,2,6.5,1,0,0,0,1,1,10
45,21,152,2,7.5,1,0,0,0,1,0,10
32,8,128,2,4.33,1,0,0,0,1,0,10
44,20,138,2,3.3,1,0,0,0,0,1,10
39,15,125,1,3.5,1,0,0,0,1,1,10
35,11,193,2,6.5,1,0,0,0,0,1,10
52,27,162,1,8.1,1,0,0,0,1,0,10
44,20,88,1,4.7,1,0,0,0,0,0,10
36,11,110,1,3.8,1,0,0,0,1,1,10
33,9,105,1,4,1,0,0,0,1,0,10
47,22,203,2,8.8,1,0,0,0,1,0,10
43,19,201,2,6.67,1,0,1,0,1,0,10
49,23,121,1,4.9,1,0,0,0,1,0,10
39,14,153,2,3,1,0,0,0,0,0,10
33,8,140,1,4.6,1,0,0,0,1,0,10
44,20,85,2,3.2,1,0,0,0,1,0,10
35,10,139,2,7.8,1,0,0,0,0,0,10
24,-2,125,2,7.2,1,0,1,0,0,1,10
32,7,94,2,3.1,1,0,0,0,1,0,10
30,5,178,2,6.7,1,0,0,0,0,0,10
45,21,183,2,1.4,1,0,0,0,1,1,10
28,2,149,2,7.2,1,0,0,0,1,0,10
53,28,181,1,8.1,1,0,0,0,1,0,10
42,17,155,1,7,1,0,0,0,0,1,10
30,6,139,1,4.3,1,0,0,0,1,0,10
40,15,143,1,4.1,1,0,0,0,1,0,10
46,22,134,2,3.3,1,0,0,0,0,0,10
49,23,125,1,7.3,1,0,0,0,0,0,10
44,20,113,2,3.3,1,0,0,0,1,1,10
37,12,193,1,8.6,1,0,0,0,0,0,10
46,21,170,2,2.8,1,0,0,0,0,0,10
33,9,139,1,4.3,1,0,0,0,0,0,10
28,4,88,1,5.4,1,0,0,0,1,0,10
46,22,198,2,6.67,1,0,0,0,0,1,10
44,20,105,1,4.7,1,0,0,0,0,1,10
44,19,154,2,8.8,1,0,0,0,1,0,10
34,10,152,2,6.5,1,0,0,0,0,0,10
41,15,80,1,5.2,1,0,0,0,0,0,10
30,6,154,1,6,1,0,0,0,0,0,10
24,-2,118,2,7.2,1,0,1,0,1,0,10
40,16,138,2,6.1,1,0,0,0,1,0,10
44,20,145,1,3.5,1,0,0,0,0,1,10
37,12,179,1,8.6,1,0,0,0,1,0,10
35,10,152,2,3,1,0,0,0,1,0,10
49,23,100,2,6.3,1,0,0,0,0,0,10
24,-2,135,2,7.2,1,0,0,0,1,0,10
32,7,185,2,6.7,1,0,0,1,1,1,10
51,25,113,2,6.3,1,0,0,0,0,0,10
40,16,138,1,3.5,1,0,0,0,1,0,10
40,15,171,2,3.3,1,0,0,0,1,0,10
43,17,91,1,5.7,1,0,0,0,1,0,10
42,18,141,1,3.5,1,0,0,0,0,0,10
32,8,181,1,6,1,0,0,1,1,1,10
31,6,175,2,6.7,1,0,0,0,1,0,10
50,24,155,1,7.3,1,0,0,0,1,1,10
52,27,184,1,8.1,1,0,0,0,0,0,10
29,4,130,2,6.7,1,0,0,0,0,1,10
44,20,124,1,4.7,1,0,0,0,1,1,10
49,25,109,2,6.8,1,0,0,0,0,0,10
47,22,190,2,8.8,1,0,0,0,0,0,10
37,12,180,1,8.6,1,0,0,0,1,1,10
47,23,148,2,7.5,1,0,0,1,1,1,10
41,17,129,1,3.4,1,0,0,0,0,1,10
42,18,120,2,7.5,1,0,1,0,0,0,10
43,19,132,1,5,1,0,0,0,0,0,10
32,7,134,2,3.3,1,0,0,0,1,0,10
36,11,90,1,2.8,1,0,0,0,1,0,10
28,4,191,1,6.33,1,0,0,0,1,0,10
42,18,130,2,7.5,1,0,0,0,0,1,10
46,22,164,2,7.6,1,0,0,1,1,1,10
45,20,198,2,2.8,1,0,0,0,1,1,10
40,15,180,1,4.1,1,0,0,0,0,0,10
50,26,148,2,6.8,1,0,0,0,1,0,10
43,19,153,2,7.5,1,0,0,0,1,0,10
34,9,104,1,4.6,1,0,0,0,1,1,10
47,23,105,2,3.3,1,0,0,0,0,0,10
29,5,162,1,4.3,1,0,0,0,0,1,10
36,11,158,2,7.8,1,114,0,0,1,1,10
44,19,201,2,8.8,1,0,0,0,1,1,10
32,8,183,1,6,1,0,0,0,0,0,10
43,19,110,1,3.4,1,0,0,0,0,1,10
43,19,172,2,6.67,1,0,0,0,1,0,10
39,15,119,2,6.1,1,0,0,0,0,0,10
30,5,123,2,3.1,1,0,0,0,1,0,10
38,13,143,1,4.1,1,0,0,0,0,0,10
41,17,160,2,8,1,0,0,0,1,0,10
41,17,139,2,8,1,0,0,0,1,0,10
31,7,108,1,4,1,0,0,0,1,0,10
51,26,179,1,8.1,1,0,1,0,1,0,10
32,8,141,2,4.33,1,0,0,0,0,0,10
28,3,135,2,3.3,1,0,0,0,0,1,10
36,12,88,2,2.7,1,0,0,0,1,0,10
36,11,152,2,3.9,1,159,0,0,0,1,11
31,5,188,2,4.5,1,455,0,0,0,0,11
47,21,125,1,5.7,1,112,1,0,0,0,11
32,7,112,1,4.6,1,366,0,0,0,0,11
34,8,82,1,2.7,2,251,0,0,1,0,11
27,1,138,2,2,1,0,0,0,1,0,11
24,0,135,1,1.5,1,0,0,0,1,0,11
47,22,81,1,2.9,1,138,0,0,0,0,11
52,26,121,1,7.3,1,167,0,0,1,0,11
29,3,153,2,2,1,392,0,0,0,0,11
44,20,173,2,1.4,1,419,0,0,1,0,11
30,5,98,2,3.1,1,220,0,0,1,0,11
36,11,133,1,3.8,1,290,1,1,1,1,11
35,10,200,2,3,1,458,0,0,0,0,11
26,2,205,1,6.33,1,271,0,0,0,1,11
40,16,114,1,3.4,1,300,0,0,1,0,11
50,24,94,1,4.9,1,272,0,0,1,0,11
40,16,120,2,6.1,1,196,0,0,1,0,11
43,18,85,1,3.7,3,327,1,0,1,0,11
45,21,152,2,1.4,1,0,0,0,1,0,11
34,9,92,1,2.8,1,0,0,0,1,0,11
43,17,164,1,2.4,1,449,0,0,1,0,11
32,7,112,1,3.8,1,81,0,0,1,0,11
43,18,140,1,7,1,205,0,0,1,0,11
45,20,154,2,2.8,1,0,1,0,1,0,11
24,-2,150,2,2,1,0,0,0,1,0,11
43,18,59,1,2.4,1,250,0,0,1,0,11
29,3,154,2,2,1,130,0,0,0,0,11
23,-1,149,1,6.33,1,305,0,0,0,1,11
53,28,184,1,8.1,1,303,0,0,1,0,11
46,20,131,1,5.7,1,256,0,0,0,1,11
44,20,180,2,7.6,1,524,0,0,0,1,11
43,18,85,1,4,3,287,0,0,1,0,11
46,22,118,1,4.7,1,159,0,0,0,1,11
45,20,109,1,7,1,366,0,0,1,0,11
32,7,108,1,4.6,1,0,1,0,0,0,11
42,18,145,1,1.7,1,132,0,0,1,1,11
38,14,112,2,2.2,1,394,0,0,0,0,11
34,9,138,2,7.8,1,227,0,0,1,0,11
37,12,190,2,3,1,475,0,0,1,0,11
39,15,168,2,8,1,152,1,0,0,0,11
27,2,92,2,3.1,1,178,0,0,1,0,11
45,20,194,2,8.8,1,428,0,0,0,0,11
41,17,153,1,1.7,1,337,0,0,0,1,11
51,26,145,1,8.1,1,397,0,0,0,1,11
35,10,179,1,8.6,1,357,0,0,0,0,11
27,3,109,2,2.5,1,0,0,0,1,0,11
33,9,145,2,4.33,1,277,0,0,0,1,11
35,9,179,2,0,1,76,1,0,1,0,11
45,21,183,2,1.4,1,354,0,0,0,0,11
33,8,175,2,6.7,1,102,0,0,1,0,11
34,9,134,1,4.6,1,164,1,0,1,0,11
50,25,192,2,2.8,1,238,0,0,0,1,11
37,12,93,1,2.8,1,0,1,0,1,0,11
50,24,124,1,4.9,1,266,0,0,1,0,11
45,21,140,2,7.6,1,132,0,0,0,0,11
27,3,201,1,6.33,1,158,0,0,1,0,11
32,8,200,2,6.5,1,565,0,0,1,0,11
26,0,149,2,7.2,1,154,0,0,0,0,11
38,13,119,2,7.8,1,221,0,0,0,0,11
47,23,171,2,1.4,1,284,0,0,1,1,11
27,3,112,3,2.5,1,389,1,0,1,0,11
25,-1,112,2,2,1,241,0,0,1,0,11
28,2,140,2,2,1,0,0,0,1,0,11
27,3,148,1,1.5,1,397,0,0,1,1,11
30,5,141,1,0.8,1,0,0,0,1,0,11
38,12,179,2,0,1,380,0,0,0,0,11
28,3,173,2,6.7,1,222,0,0,1,0,11
49,23,119,1,7.3,1,398,0,0,0,0,11
31,6,145,1,0.8,1,84,0,0,1,0,11
27,2,103,1,1.9,1,120,0,0,1,0,11
48,22,150,1,7.3,1,193,0,0,0,0,11
27,3,104,2,2.5,1,184,1,0,1,0,11
46,20,134,1,5.7,1,146,1,0,1,0,11
47,23,90,1,2.7,1,323,0,0,0,0,11
34,9,198,2,3,1,422,0,0,1,0,11
42,18,110,2,6.1,1,182,0,0,1,0,11
42,18,145,2,8,1,505,0,0,0,0,11
38,12,93,1,5.2,1,267,0,0,1,0,11
38,14,111,2,6.1,1,326,0,0,0,0,11
28,2,121,2,2,1,341,0,0,1,0,11
37,12,175,2,7.8,1,297,0,0,1,1,11
30,4,154,2,4.5,1,207,0,0,1,0,11
29,5,133,1,5.4,1,212,0,0,1,0,11
30,5,121,2,3.1,1,408,0,0,1,0,11
44,20,122,1,0.3,1,0,1,0,1,0,11
40,16,104,1,3.4,1,249,0,0,0,0,11
42,18,144,2,6.1,1,158,0,0,0,0,11
48,22,163,1,2.4,1,396,0,0,1,0,11
46,20,140,2,6.3,1,380,0,0,1,1,11
27,2,129,2,3.3,1,0,1,0,0,0,11
31,7,105,1,4,1,331,0,0,1,0,11
29,4,102,2,3.3,1,303,0,0,0,0,11
28,3,142,1,0.8,1,0,0,0,1,0,11
37,13,195,2,6.5,1,635,0,0,1,0,11
29,5,160,1,4.3,1,385,0,0,1,0,11
33,9,145,1,4.3,1,437,0,0,1,0,11
45,21,151,2,3.3,1,328,0,0,0,0,11
47,22,82,1,2.9,1,276,0,0,1,0,11
35,10,161,1,4.1,1,0,1,0,1,0,11
46,21,205,2,8.8,1,181,1,0,1,0,11
42,18,142,1,3.4,1,496,0,0,1,0,11
29,3,172,2,4.5,1,415,0,0,1,0,11
44,20,151,1,3.5,1,392,0,0,1,0,11
41,17,119,2,6.1,1,263,1,0,1,0,11
38,13,81,1,4,3,206,1,0,1,0,11
39,15,121,1,3.5,1,368,1,0,1,0,11
29,5,149,1,1.5,1,0,0,0,1,0,11
32,7,83,2,2.5,1,148,1,0,1,0,11
36,11,103,1,4.6,1,255,0,0,1,0,11
39,15,109,1,1.7,1,0,0,0,1,0,11
44,20,119,2,7.5,1,239,0,0,1,0,11
40,16,154,2,6.1,1,325,0,0,1,0,11
42,17,108,3,1,1,383,0,0,1,0,11
35,10,118,2,7.8,1,358,0,0,0,0,11
36,11,162,1,8.6,1,153,1,0,1,0,11
45,21,115,2,3.3,1,85,0,0,1,0,11
31,6,170,2,6.7,1,137,0,0,1,0,11
43,17,72,1,2.8,1,271,0,0,1,0,11
48,23,191,2,2.8,1,231,0,0,0,1,11
28,3,149,1,0.8,1,0,0,0,1,0,11
34,10,131,2,4.33,1,156,0,0,1,1,11
41,16,79,1,4,3,225,0,0,1,0,11
35,9,164,2,0,1,500,0,0,0,0,11
27,3,119,1,5.4,1,118,0,0,1,0,11
33,7,100,1,2.7,2,126,0,0,1,0,11
29,4,134,2,3.3,1,204,0,0,0,0,11
39,14,128,2,3.9,1,196,0,0,1,0,11
46,21,99,2,3.8,3,194,0,0,1,0,11
42,18,143,1,1.7,1,0,1,0,1,0,11
41,15,91,1,2.8,3,330,1,0,1,0,11
24,0,119,1,1.5,1,0,0,0,1,0,11
29,3,190,2,4.5,1,246,0,0,1,1,11
43,17,82,1,5.2,1,79,0,0,1,0,11
39,15,139,1,3.4,1,353,0,0,1,0,11
48,23,168,2,2.8,1,308,0,0,1,0,11
41,17,140,1,3.5,1,342,0,0,0,0,11
32,7,111,1,3.8,1,0,1,0,0,0,11
43,19,161,2,7.6,1,464,0,0,1,0,11
39,14,161,1,4.1,1,509,1,0,0,0,11
41,17,165,2,7.6,1,157,0,0,0,0,11
38,13,173,2,3.3,1,243,0,0,0,0,11
38,14,63,1,3.6,2,0,1,0,1,0,11
40,15,149,2,3.9,1,319,0,0,1,1,11
40,15,71,3,3,1,272,0,0,1,0,11
45,21,85,2,3.2,1,0,1,0,1,0,11
47,20,101,3,2,2,270,0,0,1,0,11
28,2,188,2,4.5,1,0,1,0,1,0,11
32,6,99,2,4.5,3,249,0,0,1,0,11
37,13,79,1,3.6,2,104,0,0,1,0,11
28,3,115,1,1.9,1,200,0,0,1,0,11
33,7,115,1,2.7,2,283,0,0,1,0,11
46,21,154,2,2.8,1,94,0,0,0,0,11
29,5,121,1,1.5,1,0,0,0,1,0,11
39,14,178,1,4.1,1,207,0,0,1,0,11
30,6,160,1,4.3,1,249,0,0,1,0,11
30,6,181,1,4.3,1,230,0,0,1,0,11
25,1,121,1,5.4,1,158,0,0,1,0,11
34,9,195,2,3,1,122,0,0,1,0,11
41,16,25,2,0.1,2,0,0,0,0,1,12
43,18,21,2,1.4,2,0,0,0,1,1,12
31,5,29,2,0.3,2,131,0,0,1,1,12
32,8,74,4,0.1,2,257,0,0,0,1,12
33,8,54,3,2.3,1,0,0,0,0,1,12
31,7,11,1,0.5,3,80,0,0,1,1,12
28,2,48,4,2.1,3,0,0,0,1,1,12
26,1,24,2,0.9,3,123,0,0,0,1,12
34,10,61,3,2,1,0,0,0,0,1,12
41,16,98,1,4,3,0,0,0,0,1,12
41,16,81,2,0.4,1,0,0,0,0,1,12
27,2,45,2,1.7,2,0,0,0,0,1,12
31,6,58,2,2.5,1,0,0,0,0,1,12
41,16,30,2,1.4,2,0,0,0,0,1,12
43,19,74,4,1.9,1,0,0,0,0,1,12
42,17,90,1,0.1,2,0,0,0,0,1,12
23,-2,45,4,0.6,2,0,0,0,1,1,12
33,8,62,3,2.3,1,98,0,0,0,1,12
38,12,91,4,1.4,2,100,0,0,0,1,12
35,9,69,4,2.2,2,0,0,0,0,1,12
36,10,42,4,1.2,2,0,0,0,1,1,12
39,14,85,3,1.2,3,107,0,0,1,1,12
36,10,74,1,2.5,1,0,0,0,0,1,12
39,14,54,2,1.1,2,159,0,0,0,1,12
27,1,41,1,1.9,3,0,0,0,0,1,12
29,5,34,4,0.4,2,0,0,0,0,1,12
35,8,41,2,1,2,0,0,0,1,1,12
42,17,79,1,3.7,3,0,1,0,0,1,12
33,9,10,4,1,1,81,0,0,0,1,12
39,14,54,3,3,1,108,0,0,0,1,12
27,3,34,1,0.2,3,0,0,0,1,1,12
34,8,29,2,2,3,0,0,0,1,1,12
27,0,30,4,1,3,0,0,0,1,1,12
41,16,70,3,0.5,3,0,0,0,0,1,12
44,17,22,3,1,2,126,0,0,1,1,12
37,12,62,3,0.7,2,0,0,0,0,1,12
45,19,70,1,2.8,1,0,0,0,0,1,12
29,4,14,4,0.5,3,0,0,0,0,1,12
35,9,20,2,1.4,3,0,0,0,1,1,12
36,10,45,4,0.2,1,0,0,0,0,1,12
35,9,28,1,0.6,3,0,0,0,0,1,12
27,3,68,4,0,1,0,0,0,0,1,12
43,18,85,4,1.9,3,110,0,0,1,1,12
37,11,81,3,0.9,2,0,0,0,1,1,12
38,14,64,1,1.5,3,0,0,0,0,1,12
41,16,62,2,2.2,3,0,0,0,1,1,12
31,7,42,1,2.4,2,0,0,0,1,1,12
39,15,54,4,2.2,2,0,0,0,0,1,12
29,3,69,4,1.8,2,0,0,0,1,1,12
32,6,35,2,0.3,1,0,0,0,0,1,12
30,4,40,4,2.1,3,0,0,0,1,1,12
25,1,113,3,2.5,1,0,0,0,0,1,12
34,9,65,4,1.3,1,0,0,0,0,1,12
30,4,102,4,2.1,3,139,0,0,0,1,12
33,9,48,1,2.1,3,0,0,0,0,1,12
39,14,75,3,3,1,0,0,0,0,1,12
33,7,58,4,2.2,2,0,0,0,1,1,12
25,-1,48,3,0.3,3,0,0,0,0,1,12
38,12,24,2,0.8,3,0,0,0,1,1,12
23,-2,75,2,1.8,2,0,0,0,1,1,12
29,4,150,1,0.8,1,0,0,0,0,1,12
31,7,35,2,1,2,0,0,0,0,1,12
42,18,75,3,2.33,1,0,0,0,0,1,12
28,1,34,4,1.5,2,162,0,0,0,1,12
30,6,42,1,2.1,3,144,0,0,0,1,12
25,-1,81,2,1.6,3,0,0,0,1,1,12
32,7,84,3,0.6,2,0,0,0,1,1,12
44,20,33,4,0.3,1,142,0,0,0,1,12
41,14,32,3,1,2,0,0,0,0,1,12
29,5,81,2,2.5,1,0,0,0,0,1,12
39,13,89,1,2.8,3,153,0,0,1,1,12
25,-1,113,4,2.3,3,0,0,0,0,1,12
33,9,53,1,1.2,1,0,0,0,0,1,12
27,3,82,2,0.2,1,0,0,0,0,1,12
34,9,31,4,1.1,3,0,0,0,1,1,12
29,4,80,1,0.8,2,0,0,0,1,1,12
44,19,83,2,3.8,3,0,1,0,0,1,12
29,-1,62,2,1.75,3,0,0,0,0,1,12
28,2,11,1,0.1,2,0,0,0,1,1,12
26,1,8,2,0.9,3,0,0,0,0,1,12
32,8,29,1,0.2,3,76,0,0,1,1,12
33,8,20,3,1.3,1,83,0,0,0,1,12
38,13,84,3,1.2,3,121,0,0,1,1,12
40,15,22,2,1.4,2,0,0,0,1,1,12
29,2,31,4,1.5,2,0,0,0,0,1,12
38,14,60,2,0.6,3,0,0,0,1,1,12
37,11,60,2,2.8,1,181,0,0,0,1,12
34,8,38,2,2,3,0,0,0,1,1,12
29,5,44,3,0.1,2,0,0,0,1,1,12
37,7,73,4,1.8,3,0,0,0,1,1,12
26,0,99,4,2.3,3,0,0,0,0,1,12
36,10,82,2,2.8,1,0,0,0,0,1,12
31,5,84,1,2.9,3,105,0,0,0,1,12
43,18,89,1,0.1,2,307,0,0,0,1,12
25,-1,101,4,2.1,3,0,0,0,0,1,12
34,10,34,1,1.5,2,111,0,0,0,1,12
42,18,60,4,0.2,3,151,0,0,0,1,12
46,19,84,1,2.67,2,0,0,0,1,1,12
25,1,20,4,1,1,0,0,0,0,1,12
33,7,51,4,2.1,3,0,0,0,0,1,12
38,14,81,1,3.6,2,0,0,0,1,1,12
32,8,43,1,2.1,3,0,0,0,0,1,12
31,4,54,2,1,2,109,0,0,0,1,12
34,9,41,3,2.3,1,0,0,0,0,1,12
25,0,44,4,0.6,2,0,0,0,1,1,12
30,4,39,1,1.5,1,0,0,0,0,1,12
33,7,29,1,0.6,3,127,0,0,0,1,12
27,1,64,4,1.8,2,0,0,0,1,1,12
43,17,59,3,0.9,3,87,0,0,1,1,12
47,22,81,1,2.9,1,0,0,0,0,1,12
30,4,18,4,0.3,2,0,0,0,1,1,12
35,8,52,2,1,2,0,0,0,0,1,12
37,13,95,2,1.7,2,0,0,0,0,1,12
36,12,64,3,2.8,1,205,0,0,0,1,12
35,10,104,3,0.6,2,0,0,0,0,1,12
40,14,33,2,1.4,3,0,0,0,1,1,12
41,15,54,3,0.5,3,0,0,0,1,1,12
38,13,19,2,1.4,2,120,0,0,0,1,12
42,18,49,2,1.7,1,106,0,0,0,1,12
39,13,88,4,1.4,2,0,0,0,1,1,12
29,2,29,4,1.5,2,0,0,0,0,1,12
29,5,31,1,1.8,2,0,0,0,1,1,12
30,4,51,4,0.2,1,172,0,0,0,1,12
45,20,39,1,2.4,1,0,0,0,0,1,12
31,5,39,4,2.2,2,0,0,0,1,1,12
40,16,85,4,0.2,3,0,0,0,1,1,12
33,8,45,2,0.1,1,0,0,0,0,1,12
39,14,108,3,1.2,3,0,0,0,1,1,12
37,12,40,2,1.1,2,0,1,0,0,1,12
29,3,80,4,1.8,2,0,0,0,1,1,12
38,12,58,3,0.9,3,128,0,0,0,1,12
37,13,38,1,1.5,2,116,0,0,0,1,12
44,17,25,3,1,2,0,0,0,0,1,12
43,17,48,3,2.2,2,0,0,0,0,1,12
42,15,24,3,1,2,0,0,0,1,1,12
30,5,109,4,2.2,2,103,0,0,0,1,12
43,19,113,2,1.8,2,0,0,0,0,1,12
40,16,41,1,2,2,0,0,0,0,1,12
42,16,25,2,0.8,3,0,0,0,0,1,12
40,15,18,2,0.1,2,119,0,0,1,1,12
27,3,94,2,0.2,1,310,0,0,0,1,12
37,13,71,2,1.7,2,0,0,0,1,1,12
39,14,10,2,0.3,2,0,1,0,0,1,12
29,4,58,1,0.8,2,0,0,0,1,1,12
40,16,35,1,1.4,3,0,0,0,1,1,12
28,3,85,1,0.8,2,0,0,0,1,1,12
38,14,74,1,3.6,2,0,0,0,1,1,12
39,13,52,3,0.5,3,0,1,0,0,1,12
43,18,89,3,0.5,3,108,0,0,0,1,12
35,11,68,2,0,1,126,0,0,0,1,12
41,15,63,1,0.7,3,79,0,0,0,1,12
40,16,19,4,0.4,2,0,0,0,1,1,12
27,1,98,4,2.3,3,0,0,0,0,1,12
41,16,85,1,4,3,0,0,0,1,1,12
44,18,75,1,0.7,3,0,0,0,0,1,12
31,5,23,1,0.4,2,0,0,0,1,1,12
29,5,64,4,0,1,249,0,0,0,1,12
41,17,51,2,0.6,3,0,0,0,0,1,12
38,14,20,4,0.4,2,79,0,0,1,1,12
27,3,110,2,0.2,1,294,1,0,0,1,13
30,6,62,1,0.1,1,0,0,0,1,1,13
35,9,40,3,0.9,1,0,0,0,1,1,13
35,9,22,3,0.1,2,0,0,1,1,1,13
40,14,93,1,2.8,3,328,1,1,1,1,13
38,12,38,2,0.3,1,0,0,0,1,1,13
29,3,29,3,1,1,0,0,0,1,1,13
43,17,84,4,2.6,3,289,1,1,1,1,13
40,16,73,4,2.67,1,0,0,0,1,1,13
31,5,85,3,1.6,1,157,0,0,1,1,13
38,14,90,2,2.7,1,0,0,0,1,1,13
32,6,44,1,0.3,1,81,0,0,1,1,13
45,20,59,1,2.4,1,0,1,1,1,0,13
29,5,113,2,2,2,84,0,0,1,1,13
29,5,85,3,2.5,1,0,0,0,1,1,13
45,19,85,3,2.1,1,0,0,0,1,1,13
27,2,85,1,1.9,1,0,0,0,1,1,13
36,11,31,4,1.7,1,124,0,0,1,1,13
37,11,51,3,2.1,1,0,0,0,1,1,13
34,9,64,2,0.1,1,224,0,0,1,1,13
31,5,115,2,1.3,1,101,0,0,1,1,13
45,18,81,3,2.67,2,251,0,0,1,1,13
31,7,44,1,1.2,1,0,0,0,1,1,13
29,3,35,2,0.3,1,88,0,1,1,1,13
34,8,35,4,0.8,1,137,0,1,1,1,13
28,2,84,1,2.9,3,102,1,1,0,1,13
41,16,68,3,3,1,0,0,0,1,1,13
38,12,141,2,0,1,0,0,0,1,1,13
39,14,104,1,4,3,0,0,1,1,1,13
34,8,82,2,1.5,3,0,1,1,1,1,13
31,5,85,3,1.6,1,87,0,0,1,1,13
31,7,25,2,1,2,0,1,1,1,1,13
27,1,112,4,2.3,3,402,0,0,1,1,13
38,14,95,2,1.9,1,0,0,0,1,1,13
28,4,103,2,2.5,1,0,0,0,1,1,13
43,19,73,3,2.33,1,0,1,1,1,1,13
35,11,93,2,2.7,1,0,0,0,1,1,13
29,5,128,1,1.5,1,0,0,0,1,1,13
40,14,53,3,0.5,3,0,1,1,1,1,13
30,5,134,1,0,1,0,0,0,1,1,13
42,17,44,1,0.3,3,0,1,1,1,1,13
28,2,19,4,0.4,1,0,0,0,1,1,13
30,5,38,4,0.8,1,129,0,0,1,1,13
29,4,59,4,2.2,1,232,0,0,1,1,13
37,11,71,1,2.5,1,185,0,0,1,1,13
36,12,93,2,2.2,1,0,0,0,1,1,13
42,18,88,4,0.8,1,0,0,0,1,1,13
33,9,41,1,1.5,2,0,0,1,1,1,13
32,8,82,3,1.5,1,0,0,0,1,1,13
34,8,82,2,1.8,1,178,0,0,1,1,13
41,15,65,2,2.8,1,0,0,0,1,1,13
27,1,58,4,1.8,2,154,0,1,1,1,13
33,7,31,4,1,1,0,0,0,1,1,13
35,10,30,3,1.3,1,0,1,1,1,1,13
35,11,32,1,1.33,1,137,0,0,1,1,13
34,9,55,3,2.3,1,0,1,1,1,1,13
42,12,39,3,2,3,0,1,1,1,1,13
29,3,10,4,0.4,1,87,0,0,1,1,13
40,14,53,1,2,1,0,0,0,1,1,13
32,6,51,4,0.2,1,154,1,0,0,1,13
43,16,78,3,2.67,2,161,0,0,1,1,13
32,7,42,4,0.8,1,0,0,0,1,1,13
35,11,30,1,1.7,1,0,1,0,0,1,13
28,3,90,2,3.3,1,0,0,0,1,1,13
32,8,32,2,1,2,103,0,1,1,1,13
27,3,20,4,1,1,134,0,0,1,1,13
42,17,98,2,0.4,1,0,0,0,1,1,13
31,6,19,4,1.1,3,104,0,1,1,1,13
38,12,59,3,0.5,3,0,1,1,1,1,13
31,5,85,2,1.3,1,119,0,0,1,1,13
46,22,89,1,2.7,1,0,1,1,1,1,13
32,7,82,1,2.6,2,240,0,1,1,1,13
28,2,42,1,1.5,1,0,0,0,1,1,13
31,5,125,2,1.3,1,0,0,0,1,1,13
29,3,113,2,0.2,1,0,0,0,1,1,13
29,5,83,3,1.5,1,0,0,0,1,1,13
39,15,62,3,2.33,1,131,0,1,1,1,13
35,9,58,1,2.5,1,0,0,0,1,1,13
30,5,98,4,1.8,3,129,1,1,1,1,13
32,6,50,4,2.1,3,0,1,1,1,1,13
39,15,24,1,1,1,116,0,0,1,1,13
30,4,35,4,0.8,1,0,0,0,1,1,13
33,7,81,2,4.5,3,187,0,1,1,1,13
44,18,33,3,1.5,1,0,0,0,1,1,13
31,7,81,2,2,2,0,0,1,1,1,13
29,5,70,4,0,1,0,0,0,1,1,13
28,3,84,4,0.2,1,0,0,0,1,1,13
35,11,58,3,2,1,149,0,0,1,1,13
34,8,20,2,0.3,1,106,0,0,1,1,13
40,16,34,1,0.7,1,0,0,0,1,1,13
36,12,18,4,1,1,0,0,0,1,1,13
38,13,91,1,2.8,1,0,0,0,1,1,13
32,7,83,1,2.6,2,0,1,0,0,1,13
33,7,39,4,0.8,1,0,0,0,1,1,13
31,5,91,3,1.6,1,126,0,0,1,1,13
30,5,74,4,2.2,1,0,1,0,0,1,13
44,20,79,4,2,3,0,1,1,1,1,13
37,12,28,4,1.7,1,0,1,1,1,0,13
25,0,88,2,1.8,2,319,0,0,1,1,13
33,7,25,4,1,1,0,0,0,1,1,13
35,11,14,4,1,1,0,0,1,1,1,13
31,7,38,1,1.8,2,182,0,1,1,1,13
38,14,90,2,0,1,258,1,1,1,1,13
34,8,11,4,0.3,1,0,1,1,1,1,13
31,5,18,2,0.3,1,124,0,0,1,1,13
41,16,104,1,4,3,0,0,1,1,1,13
28,4,82,4,0,1,0,0,0,1,1,13
32,6,13,4,0.3,1,0,1,1,1,1,13
33,8,82,1,2.6,2,0,1,1,1,1,13
25,1,113,2,0.2,1,0,0,0,1,1,13
43,17,69,4,2.9,1,0,0,0,1,1,13
33,8,122,1,0,1,0,0,0,1,1,13
45,19,71,4,2.9,1,218,0,1,1,1,13
27,3,98,2,2.5,1,361,1,1,1,1,13
26,2,72,4,2.6,1,0,1,1,1,0,13
46,20,54,4,2.9,1,189,0,0,1,1,13
38,14,92,2,0,1,249,0,0,1,1,13
35,10,34,4,1.7,1,87,0,0,1,1,13
33,8,125,1,0,1,0,0,0,1,1,13
39,13,41,2,0.3,1,108,0,0,1,1,13
23,-1,12,4,1,1,0,1,0,0,1,13
37,11,84,2,1.8,1,0,0,0,1,1,13
41,15,49,3,0.9,3,0,0,1,1,1,13
41,17,9,1,1,1,0,0,0,1,1,13
31,5,28,1,0.3,1,0,0,0,1,1,13
43,17,80,3,0.1,1,0,0,1,1,1,13
44,19,82,2,0.4,1,0,0,0,1,1,13
30,5,61,1,0.8,2,251,1,1,1,0,13
44,20,82,4,1.4,2,201,0,0,1,1,13
35,9,45,1,2,1,0,0,0,1,1,13
32,6,38,1,0.3,1,0,1,1,1,0,13
39,14,101,2,0.4,1,0,0,0,1,1,13
32,6,112,1,2.7,2,408,1,1,1,1,13
27,3,81,3,1.5,1,307,1,1,1,1,13
32,6,13,4,0.3,1,0,0,0,1,1,13
30,5,85,2,2.5,1,293,1,1,1,1,13
40,16,83,4,2.67,1,0,0,0,1,1,13
34,10,45,3,2.8,1,153,0,0,1,1,13
41,17,40,2,2.5,1,0,0,1,1,1,13
33,7,88,3,1.6,1,0,0,0,1,1,13
33,8,58,2,0.1,1,0,1,1,1,1,13
33,9,80,4,3.4,1,0,0,0,1,1,13
33,9,60,1,1.2,1,0,0,0,1,1,13
33,7,83,1,2.5,1,0,1,1,1,1,13
32,8,39,1,1.7,1,0,0,0,1,1,13
32,7,125,1,0,1,0,0,0,1,1,13
34,10,92,2,2.7,1,0,1,1,0,1,13
48,24,148,2,3.3,1,0,0,1,1,1,13
34,10,60,3,2.8,1,0,0,1,1,1,13
33,7,81,3,1.6,1,0,0,0,1,1,13
40,15,73,3,3,1,0,0,0,1,1,13
43,17,44,1,0.2,1,0,1,1,1,0,13
38,13,63,3,0.5,3,190,1,1,1,1,13
43,18,103,3,1,1,180,0,0,1,1,13
42,17,91,1,0.1,2,199,0,0,1,1,13
27,2,44,4,0.6,2,0,1,1,1,0,13
35,10,64,3,2.3,1,0,0,1,1,1,13
39,15,30,4,0.3,1,0,1,0,0,1,13
25,1,54,4,1.6,1,0,0,0,1,1,13
30,6,42,1,2.1,3,0,0,0,1,0,14
40,14,39,1,2,1,0,0,0,1,0,14
29,3,40,1,1.9,3,0,0,0,1,0,14
37,13,71,2,2.7,1,94,0,0,1,0,14
39,14,113,1,1,3,0,1,0,1,0,14
38,12,60,2,1.8,1,0,0,0,1,0,14
39,14,40,1,2.5,3,0,0,0,1,0,14
26,1,85,1,1.9,1,0,0,0,1,0,14
41,15,93,1,2.8,3,0,0,0,1,0,14
30,0,63,2,1.75,3,0,0,0,1,0,14
32,6,81,1,2.5,1,0,0,0,1,0,14
29,3,84,1,2.9,3,0,0,0,1,0,14
26,1,53,2,1.6,3,0,0,0,1,0,14
32,8,42,1,0.2,3,102,0,0,1,0,14
33,9,19,2,1,2,92,0,0,1,0,14
40,14,33,2,0.8,3,89,0,0,1,0,14
34,8,34,2,2,3,0,1,0,1,0,14
35,11,38,1,1.5,2,136,0,0,1,0,14
45,21,59,2,2.5,1,155,0,0,1,0,14
39,14,115,1,1,3,0,0,0,1,0,14
29,4,62,2,2.5,1,184,0,0,1,0,14
33,9,49,1,2.4,2,0,0,0,1,0,14
31,5,21,1,0.4,2,0,0,0,1,0,14
33,7,84,1,2.9,3,0,0,0,1,0,14
30,6,45,1,1.8,2,0,0,0,1,0,14
42,16,13,1,0.2,1,0,0,0,1,0,14
28,4,45,1,1,3,0,0,0,1,0,14
40,16,44,1,1.8,1,0,1,0,1,0,14
29,5,62,1,1.2,1,260,0,0,1,0,14
32,6,18,2,0.3,2,0,0,0,1,0,14
36,12,42,1,1.33,1,0,0,0,1,0,14
29,5,33,1,1.8,2,78,0,0,1,0,14
44,20,65,2,2.5,1,0,0,0,1,0,14
24,-1,38,2,1.7,2,0,0,0,1,0,14
29,3,92,2,1.3,1,287,0,0,1,0,14
34,8,10,1,0.4,2,0,0,0,1,0,14
28,4,114,2,0.2,1,0,0,0,1,0,14
43,19,72,2,1.7,1,0,0,0,1,0,14
34,10,88,2,0,1,121,0,0,1,0,14
31,7,38,1,0.2,3,0,0,0,1,0,14
30,4,25,2,0.3,1,0,1,0,1,0,14
41,17,92,2,1.9,1,131,0,0,1,0,14
42,16,55,1,0.7,3,135,0,0,1,0,14
26,2,40,1,1,3,0,0,0,1,0,14
36,9,40,2,1,2,0,0,0,1,0,14
27,2,48,2,1.6,3,119,1,0,1,0,14
30,5,69,1,0.8,2,0,1,0,1,0,14
43,17,55,1,0.2,1,0,0,0,1,0,14
28,2,63,2,1.6,3,0,0,0,1,0,14
37,13,89,2,1.7,2,0,0,0,1,0,14
40,15,85,2,0.4,1,0,0,0,1,0,14
30,4,81,2,0.2,1,0,0,0,1,0,14
39,13,80,2,1.8,1,0,0,0,1,0,14
40,15,40,2,2.2,3,107,0,0,1,0,14
42,17,82,1,3.7,3,0,0,0,1,0,14
38,14,105,2,1.9,1,0,0,0,1,0,14
38,14,33,1,2,2,0,0,0,1,0,14
33,9,79,1,0.1,1,0,0,0,1,0,14
38,14,43,2,1.7,1,0,0,0,1,0,14
34,10,44,1,1.33,1,0,0,0,1,0,14
28,2,10,1,0.1,2,0,0,0,1,0,14
37,13,64,1,1.5,3,0,0,0,1,0,14
33,6,54,2,1.67,2,122,0,0,1,0,14
36,10,91,1,1.5,3,289,0,0,1,0,14
36,11,44,2,1.1,2,85,0,0,1,0,14
40,10,29,1,0.75,3,0,0,0,1,0,14
43,18,65,2,2.2,3,0,0,0,1,0,14
41,16,69,1,0.1,2,0,0,0,1,0,14
40,15,84,1,3.7,3,0,0,0,1,0,14
31,4,41,1,2,2,0,1,0,1,0,14
32,7,58,1,1,1,0,0,0,1,0,14
31,7,10,1,0.5,3,81,0,0,1,0,14
41,17,81,1,0.8,2,223,0,0,1,0,14
38,14,62,1,1.5,3,255,0,0,1,0,14
44,20,62,2,2.5,1,0,1,0,1,0,14
25,1,122,2,0.2,1,0,0,0,1,0,14
34,4,19,1,0.67,3,83,0,0,1,0,14
40,15,31,1,0.6,3,0,0,0,1,0,14
36,6,25,1,0.67,3,0,0,0,1,0,14
39,13,72,2,2.8,1,0,0,0,1,0,14
43,17,49,1,2.8,1,0,0,0,1,0,14
32,7,38,1,1,1,0,0,0,1,0,14
33,8,133,1,0,1,0,0,0,1,0,14
35,9,81,1,2.7,2,0,0,0,1,0,14
31,6,62,1,1,1,0,1,0,1,0,14
38,14,42,1,2,2,81,0,0,1,0,14
38,14,39,1,2,2,0,0,0,1,0,14
41,16,10,2,0.3,2,0,0,0,1,0,14
38,13,55,2,1.1,2,0,0,0,1,0,14
32,8,20,1,0.5,3,102,0,0,1,0,14
36,10,93,1,2.8,3,0,0,0,1,0,14
39,15,55,1,1.5,3,0,0,0,1,0,14
30,6,95,2,0.2,1,0,1,0,1,0,14
45,19,85,2,1.7,2,0,0,0,1,0,14
33,7,32,1,0.6,3,166,0,0,1,0,14
35,9,8,1,0.4,2,0,0,0,1,0,14
30,6,124,2,0.6,1,0,0,0,1,0,14
44,19,68,1,3.7,3,0,0,0,1,0,14
38,14,80,2,2.7,1,0,0,0,1,0,14
28,2,22,1,0.1,2,0,0,0,1,0,14
35,11,40,1,2.4,2,0,1,0,1,0,14
41,15,53,1,0.7,3,0,0,0,1,0,14
38,14,35,1,1.5,2,97,0,0,1,0,14
34,10,35,1,1.7,1,0,0,0,1,0,14
35,10,78,1,2.6,2,0,0,0,1,0,14
38,8,21,1,0.67,3,0,0,0,1,0,14
32,8,44,1,1.8,2,192,0,0,1,0,14
39,14,89,2,0.4,1,0,0,0,1,0,14
29,5,123,2,0.6,1,0,0,0,1,0,14
31,5,32,2,0.3,2,130,0,0,1,0,14
31,7,18,1,0.4,3,0,0,0,1,0,14
28,4,120,2,0.6,1,0,0,0,1,0,14
25,1,28,1,1,3,0,0,0,1,0,14
41,16,79,1,1,3,233,0,0,1,0,14
27,2,41,2,1.7,2,0,0,0,1,0,14
28,1,40,1,2,2,0,1,0,1,0,14
30,4,18,2,0.3,2,0,0,0,1,0,14
40,14,42,2,0.7,1,101,0,0,1,0,14
33,9,30,2,1,2,0,0,0,1,0,14
37,11,65,2,2.4,2,260,0,0,1,0,14
41,15,75,1,1.5,3,0,0,0,1,0,14
45,19,83,2,1.7,2,0,0,0,1,0,14
28,4,34,1,1.8,2,0,0,0,1,0,14
34,9,48,1,2.5,3,105,0,0,1,0,14
35,9,63,2,1.8,1,0,0,0,1,0,14
39,14,24,2,0.3,2,0,0,0,1,0,14
41,16,99,1,1,3,0,0,0,1,0,14
36,10,55,1,2,1,95,0,0,1,0,14
30,4,40,1,0.3,1,0,0,0,1,0,14
42,17,60,1,2.4,1,98,0,0,1,0,14
35,11,75,2,1.7,2,0,0,0,1,0,14
25,0,13,2,0.9,3,0,0,0,1,0,14
38,8,21,1,0.67,3,0,0,0,1,0,14
42,18,41,1,1.8,1,94,0,0,1,0,14
39,15,100,1,0.8,2,0,0,0,1,0,14
38,12,39,2,0.3,1,174,0,0,1,0,14
30,5,23,2,0.9,3,0,1,0,1,0,14
35,11,42,1,1.5,3,0,0,0,1,0,14
42,18,54,1,1.8,1,0,0,0,1,0,14
33,7,111,2,1.3,1,0,0,0,1,0,14
30,4,110,1,2.9,3,0,0,0,1,0,14
39,14,20,1,0.6,3,0,0,0,1,0,14
29,5,44,1,0.2,3,0,0,0,1,0,14
27,1,91,2,0.2,1,0,0,0,1,0,14
44,20,122,1,0.3,1,0,0,0,1,0,14
41,16,104,1,1,3,0,0,0,1,0,14
35,9,43,2,0.3,1,0,0,0,1,0,14
39,15,41,1,2,2,176,0,0,1,0,14
41,17,20,1,1.4,3,0,0,0,1,0,14
30,4,24,1,0.4,2,81,0,0,1,0,14
37,12,52,2,1.1,2,0,0,0,1,0,14
42,17,115,2,0.4,1,0,0,0,1,0,14
38,12,53,2,2.4,2,0,0,0,1,0,14
34,10,29,1,1.5,2,0,0,0,1,0,14
31,5,90,2,1.3,1,0,1,0,1,0,14
42,17,98,2,0.4,1,275,0,0,1,0,14
45,21,42,2,2.5,1,0,1,0,1,0,14
30,6,101,2,0.6,1,0,0,0,1,0,14
30,4,113,2,0.2,1,0,0,0,1,0,14
29,3,41,4,0.2,1,0,0,0,1,0,15
28,3,54,4,0.6,2,0,0,0,1,0,15
30,3,68,4,2,2,0,0,0,1,0,15
25,-1,113,4,2.1,3,0,0,0,1,0,15
44,19,49,4,1.9,3,89,0,0,1,0,15
43,16,25,3,1,2,0,0,0,1,0,15
35,10,79,4,2.1,3,0,1,0,1,0,15
40,10,44,3,2,3,0,0,0,1,0,15
36,9,44,4,1,2,101,1,0,1,0,15
26,2,55,3,0.7,2,0,0,0,1,0,15
26,2,48,3,0.7,2,0,0,0,1,0,15
34,10,25,4,1,1,0,0,0,1,0,15
26,0,14,4,0.4,1,94,0,0,1,0,15
37,12,114,3,0.6,2,0,0,0,1,0,15
35,10,74,4,1.3,1,0,0,0,1,0,15
40,14,69,3,2.1,1,106,0,0,1,0,15
34,9,104,3,1.2,3,0,0,0,1,0,15
38,12,48,4,0.2,3,0,0,0,1,0,15
34,9,99,4,2.2,2,155,0,0,1,0,15
28,4,69,3,0.7,2,80,0,0,1,0,15
31,6,55,4,2,2,185,0,0,1,0,15
26,0,42,4,1.3,3,153,0,0,1,0,15
35,11,58,3,2.8,1,0,0,0,1,0,15
42,17,53,4,1.9,3,0,0,0,1,0,15
44,20,70,4,1.9,1,0,0,0,1,0,15
32,7,100,3,0.6,2,0,0,0,1,0,15
33,6,78,4,2,2,0,1,0,1,0,15
33,8,64,4,2.1,3,164,0,0,1,0,15
36,12,70,3,2.6,2,165,0,0,1,0,15
41,15,89,3,0.1,1,292,0,0,1,0,15
24,0,60,4,1.6,1,0,0,0,1,0,15
35,9,28,4,1,1,75,0,0,1,0,15
41,14,51,3,2.33,2,0,0,0,1,0,15
41,17,78,4,2.67,1,99,0,0,1,0,15
31,5,50,4,2.1,3,209,0,0,1,0,15
40,14,61,3,0.5,3,0,0,0,1,0,15
32,8,30,4,0.4,2,78,0,0,1,0,15
30,5,41,4,1.7,2,0,0,0,1,0,15
40,14,81,3,0.1,1,0,0,0,1,0,15
39,13,43,3,0.5,3,0,0,0,1,0,15
43,17,41,3,2.2,2,0,0,0,1,0,15
25,-1,109,4,2.3,3,314,0,0,1,0,15
38,13,41,4,1.7,1,0,0,0,1,0,15
28,4,85,3,2.5,1,0,0,0,1,0,15
32,2,69,4,4,3,102,0,0,1,0,15
27,1,20,4,0.4,1,99,0,0,1,0,15
28,2,33,3,1,1,167,0,0,1,0,15
23,-1,73,4,2.6,1,0,0,0,1,0,15
45,20,89,4,1.9,3,0,0,0,1,0,15
30,4,54,4,1.8,3,235,0,0,1,0,15
42,18,83,4,2,3,0,0,0,1,0,15
39,9,32,3,2,3,116,0,0,1,0,15
36,12,65,3,2.6,2,0,0,0,1,0,15
28,2,101,4,2.1,3,0,0,0,1,0,15
34,10,13,4,1,1,95,1,0,1,0,15
30,4,18,4,0.3,2,84,0,0,1,0,15
26,1,38,4,1.7,2,0,0,0,1,0,15
38,13,23,4,0.2,3,0,0,0,1,0,15
33,8,68,4,1.3,1,0,0,0,1,0,15
36,10,80,4,2.2,2,0,0,0,1,0,15
25,1,62,4,0,1,229,0,0,1,0,15
28,4,29,3,0.1,2,0,0,0,1,0,15
40,16,89,4,0.8,1,155,0,0,1,0,15
40,14,58,4,0.2,3,0,0,0,1,0,15
32,8,70,3,1.5,1,0,0,0,1,0,15
30,4,30,3,1,1,0,0,0,1,0,15
36,11,85,3,1.2,3,0,0,0,1,0,15
30,6,52,3,0.7,2,0,0,0,1,0,15
43,19,83,4,2,3,0,0,0,1,0,15
24,-3,41,4,1,3,0,0,0,1,0,15
33,9,73,4,3.4,1,140,0,0,1,0,15
41,16,33,4,0,2,0,0,0,1,0,15
31,5,65,4,2.2,2,126,0,0,1,0,15
34,8,81,3,0.9,2,208,0,0,1,0,15
25,1,70,4,2.6,1,0,1,0,1,0,15
33,9,18,4,0.4,2,0,0,0,1,0,15
38,14,28,4,0.4,2,100,0,0,1,0,15
47,21,71,4,2.9,1,0,0,0,1,0,15
26,2,95,3,0.8,1,0,0,0,1,0,15
38,12,61,4,0.2,3,0,0,0,1,0,15
40,13,24,3,1,2,0,0,0,1,0,15
39,13,71,3,0.1,1,162,1,0,1,0,15
39,14,61,3,0.5,3,137,0,0,1,0,15
45,20,85,4,1.1,2,0,1,0,1,0,15
36,11,23,4,0.2,3,0,0,0,1,0,15
25,-1,40,3,2.4,2,0,0,0,1,0,15
42,18,34,4,0.3,1,104,1,0,1,0,15
26,0,54,3,0.3,3,0,0,0,1,0,15
41,17,78,4,0.8,1,78,0,0,1,0,15
33,7,35,4,0.8,1,0,0,0,1,0,15
43,13,38,3,2,3,0,0,0,1,0,15
33,7,28,4,0.8,1,0,0,0,1,0,15
34,8,52,4,0.2,1,0,0,0,1,0,15
27,0,40,4,1,3,0,0,0,1,0,15
33,9,61,3,2.6,2,0,0,0,1,0,15
27,2,110,4,1.8,3,190,0,0,1,0,15
44,20,93,4,0.8,1,101,0,0,1,0,15
27,1,78,4,2.3,3,157,1,0,1,0,15
38,13,65,3,0.7,2,0,0,0,1,0,15
42,16,32,3,1.5,1,149,0,0,1,0,15
23,-1,61,4,2.6,1,239,0,0,1,0,15
36,6,69,4,4,3,0,0,0,1,0,15
27,3,72,4,0,1,0,0,0,1,0,15
32,7,101,4,2.2,2,0,0,0,1,0,15
30,5,30,4,0.8,1,158,0,0,1,0,15
36,10,33,4,1.2,2,82,1,0,1,0,15
34,8,8,3,0.1,2,83,0,0,1,0,15
25,1,72,3,0.8,1,0,0,0,1,0,15
26,1,74,4,2.2,1,0,0,0,1,0,15
42,18,49,3,2.1,3,0,1,0,1,0,15
30,4,40,4,0.8,1,0,0,0,1,0,15
43,18,59,3,0.8,3,91,0,0,1,0,15
40,14,70,4,1.4,2,0,0,0,1,0,15
27,3,59,4,1.6,1,0,0,0,1,0,15
41,16,64,4,0.4,1,0,0,0,1,0,15
40,14,92,4,1.4,2,0,0,0,1,0,15
33,7,48,4,2.2,2,0,0,0,1,0,15
40,14,63,3,0.5,3,221,0,0,1,0,15
37,12,60,4,2.1,3,217,0,0,1,0,15
42,15,41,3,2.5,2,0,0,0,1,0,15
29,3,55,3,1.1,2,0,0,0,1,0,15
31,5,30,4,0.3,2,0,0,0,1,0,15
32,8,8,4,0.7,2,0,1,0,1,0,15
38,14,25,4,0.4,2,101,0,0,1,0,15
34,9,84,4,2.2,2,323,0,0,1,0,15
29,4,72,4,2.2,1,0,0,0,1,0,15
37,11,21,3,0.2,2,0,0,0,1,0,15
43,16,44,3,1,2,0,0,0,1,0,15
40,15,90,4,1.1,2,0,1,0,1,0,15
41,16,65,3,0.5,3,0,0,0,1,0,15
43,17,82,3,0.1,1,0,0,0,1,0,15
38,13,65,3,0.5,3,0,0,0,1,0,15
34,9,102,4,2.2,2,0,0,0,1,0,15
33,6,78,4,2,2,119,1,0,1,0,15
45,18,78,3,2.67,2,0,0,0,1,0,15
27,2,20,4,0.5,3,0,0,0,1,0,15
40,14,74,4,1.4,2,0,0,0,1,0,15
31,5,84,4,1.8,2,0,1,0,1,0,15
33,3,69,4,1.8,3,0,0,0,1,0,15
28,4,70,4,2.6,1,0,0,0,1,0,15
32,7,49,3,2.3,1,0,0,0,1,0,15
39,13,75,3,2.1,1,224,0,0,1,0,15
28,3,52,4,2.2,1,230,0,0,1,0,15
43,18,88,4,1.1,2,0,0,0,1,0,15
38,12,45,4,1.2,2,138,0,0,1,0,15
43,18,94,4,1.1,2,0,0,0,1,0,15
29,4,44,4,2,2,0,0,0,1,0,15
31,7,10,4,0.7,2,0,0,0,1,0,15
35,9,44,4,0.2,1,0,0,0,1,0,15
26,1,55,4,1.7,2,175,0,0,1,0,15
31,5,50,4,1.8,3,0,0,0,1,0,15
35,9,30,4,1,1,163,0,0,1,0,15
41,14,38,3,1,2,150,0,0,1,0,15
35,10,33,4,1.7,1,87,0,0,1,0,15
36,12,73,4,2,3,188,0,0,1,0,15
35,9,82,3,0.9,2,0,0,0,1,0,15
45,20,84,4,1.1,2,180,0,0,1,0,15
34,9,84,3,0.6,2,0,0,0,1,0,15
43,19,31,4,0.3,1,156,0,0,1,0,15
52,28,179,4,4.2,3,0,0,0,0,0,16
65,41,133,4,2,1,0,0,0,0,1,16
57,32,165,4,2.7,3,0,0,0,1,0,16
52,27,93,4,4.1,2,0,0,0,0,1,16
64,40,181,2,2.3,2,0,0,1,1,1,16
55,31,130,4,6.5,1,0,0,0,0,1,16
57,31,113,4,0.6,3,327,0,0,1,0,16
54,30,121,2,1.1,3,0,1,0,0,0,16
54,27,195,2,4.75,2,477,0,0,0,0,16
50,26,115,1,1.2,3,0,0,0,0,1,16
61,31,130,2,2.6,3,0,0,0,0,0,16
63,37,110,1,4.1,3,0,0,0,0,0,16
56,32,161,1,5.8,3,0,1,0,0,0,16
55,29,132,3,5.9,2,307,0,0,0,0,16
49,25,195,4,3,1,617,0,0,0,0,16
63,38,159,4,4.9,2,111,0,0,0,0,16
60,35,191,4,5.6,3,0,0,0,0,0,16
65,41,134,3,3.9,3,121,0,0,1,0,16
58,34,151,3,0.6,2,0,0,0,0,0,16
50,24,133,4,1.4,2,342,0,0,0,1,16
64,38,143,2,6.4,3,0,1,1,1,0,16
48,22,162,3,1.4,1,400,0,0,0,0,16
50,25,160,4,4.3,3,410,0,0,0,0,16
57,31,164,2,3.8,3,422,0,1,1,1,16
48,24,144,4,3.5,2,0,0,0,0,0,16
65,41,170,4,6.1,2,0,0,1,1,1,16
48,22,133,2,3.1,2,0,0,0,1,0,16
56,30,111,4,0.3,1,372,1,1,1,0,16
45,21,133,4,5.7,3,0,0,1,1,1,16
54,29,154,1,2.4,2,352,0,0,1,0,16
64,39,182,1,1.2,2,547,0,0,1,0,16
46,22,183,1,3.1,2,0,0,1,1,1,16
49,19,169,3,5.67,3,167,0,1,0,1,16
54,27,120,4,3,2,431,0,0,1,0,16
60,35,153,3,2,3,0,0,0,0,1,16
53,27,145,2,6.1,3,294,0,1,1,1,16
61,36,119,2,5.4,2,0,0,0,1,0,16
54,30,133,1,5,2,0,0,0,0,1,16
62,36,158,2,6.3,3,0,0,0,1,0,16
46,21,159,3,1.9,3,315,0,0,1,0,16
48,23,173,3,0.2,1,0,0,1,1,1,16
56,32,173,1,4.6,2,88,0,1,1,0,16
62,36,183,2,3.4,3,0,0,0,0,0,16
55,29,172,1,5.2,2,0,0,0,0,0,16
63,38,148,2,4.3,3,0,0,0,1,0,16
58,32,191,4,5.2,3,194,0,0,0,1,16
62,36,135,2,5.2,2,0,0,0,1,0,16
61,36,193,1,4.7,3,203,0,0,1,0,16
57,31,131,3,0.6,1,0,0,0,1,0,16
53,28,183,3,8.2,3,467,0,1,1,1,16
55,30,145,2,6,3,0,0,0,1,0,16
65,40,95,3,3.7,2,138,0,0,0,1,16
54,29,119,3,2,1,0,1,1,0,0,16
46,21,193,2,8.1,3,0,0,0,0,0,16
52,28,178,3,5.4,3,147,0,0,1,0,16
60,35,130,3,6.3,3,437,0,1,1,1,16
61,37,141,3,0.7,1,0,0,1,1,1,16
60,34,139,4,0.4,1,0,0,0,1,0,16
55,30,153,2,2.8,2,0,1,1,1,0,16
46,20,158,3,5.4,1,432,0,0,0,1,16
46,20,152,1,7.4,3,374,0,1,1,1,16
52,26,83,1,3.1,1,0,0,0,1,0,16
57,33,134,4,0.9,1,198,0,0,1,0,16
47,23,190,4,0.3,3,305,0,0,0,0,16
57,32,135,3,4.8,2,0,1,1,1,0,16
48,22,149,2,5.5,2,0,1,1,1,0,16
65,39,184,1,5.4,3,176,0,1,1,1,16
57,31,165,1,1.6,2,0,0,0,1,0,16
52,26,194,2,5.7,2,0,0,0,1,0,16
63,37,185,2,7.9,2,358,0,0,1,0,16
65,40,89,1,4.1,1,299,0,1,1,0,16
54,28,170,2,6.2,2,325,0,0,1,0,16
64,34,179,2,4.5,3,400,0,0,0,0,16
52,28,168,3,6.5,3,118,0,0,1,0,16
51,25,173,1,0.5,2,0,0,0,1,0,16
46,20,185,4,7.5,2,428,0,0,0,1,16
53,29,120,4,2.7,2,111,1,1,1,0,16
50,23,179,4,3.6,2,0,0,0,1,0,16
49,24,138,2,2.2,2,0,0,0,1,0,16
49,23,194,4,8.3,2,0,0,0,0,1,16
54,29,129,4,4.2,3,0,0,0,0,0,16
51,27,188,2,6.9,2,343,0,0,1,0,16
53,27,174,1,2.9,2,0,0,0,1,0,16
61,35,99,1,4.8,3,255,0,0,0,1,16
60,36,145,4,6.9,1,380,0,0,0,1,16
50,25,83,4,3.1,1,0,0,0,0,1,16
59,34,99,1,4.4,1,0,0,0,0,0,16
50,25,130,1,1.1,2,0,0,0,1,0,16
60,35,155,1,1.5,3,0,0,0,0,1,16
63,38,135,2,3.8,3,183,0,0,0,0,16
51,27,92,4,3,1,0,0,1,1,1,16
44,19,172,2,4.3,3,391,1,1,1,0,16
56,32,190,3,2.2,1,0,0,1,1,0,16
46,22,135,3,4.1,1,213,0,0,1,0,16
49,25,161,3,6.5,2,485,1,1,0,0,16
51,25,175,3,0.7,1,312,0,0,0,0,16
48,23,84,4,3.1,2,0,1,1,1,0,16
58,33,122,4,0.2,2,0,0,1,1,0,16
48,22,152,1,3.5,3,0,0,0,1,0,16
52,25,180,2,9,2,297,0,0,1,0,16
51,24,189,4,4.75,2,0,0,0,1,0,16
51,25,181,1,3.3,3,589,1,1,1,0,16
60,33,154,1,3,2,0,1,1,1,0,16
43,19,170,4,4.25,1,318,0,1,1,1,16
53,29,154,4,7.4,3,0,0,0,0,0,16
56,32,158,3,3.7,3,0,0,0,1,0,16
63,37,191,2,4.3,3,205,0,0,0,0,16
53,28,192,2,6.4,3,0,0,0,0,0,16
58,32,113,2,3.8,2,119,0,1,1,1,16
54,28,108,4,1.9,2,0,0,0,1,0,16
58,33,173,2,7.2,3,0,0,0,1,0,16
59,35,168,4,4.1,2,0,0,0,1,0,16
58,34,149,4,7.2,2,0,0,1,1,1,16
65,39,170,3,7.9,3,99,0,1,1,0,16
52,26,155,3,7.2,2,0,0,0,1,0,16
49,25,114,1,2.5,3,0,0,0,1,0,16
59,35,85,1,3.4,3,0,0,1,0,1,16
62,32,142,2,2.8,3,0,0,0,0,1,16
59,35,102,4,3,2,115,0,0,1,0,16
62,37,93,3,3,3,0,0,1,1,1,16
63,33,178,4,9,3,0,0,0,0,0,16
52,26,182,2,1.4,2,0,0,0,1,0,16
65,41,195,3,0.4,1,0,1,1,0,1,16
56,32,103,3,4,3,0,0,0,0,0,16
63,38,134,3,4,2,0,0,0,0,1,16
45,21,132,3,1.2,2,0,0,1,1,1,16
55,30,118,4,5.6,2,0,0,0,1,0,16
44,20,171,4,0.7,1,567,0,1,1,1,16
51,25,104,1,4.2,2,0,0,0,1,0,16
47,22,122,1,5.1,3,163,1,0,0,0,16
63,37,124,3,5,2,170,0,0,0,0,16
62,36,148,3,7,2,0,0,0,1,0,16
64,38,168,4,5.7,3,0,0,0,1,0,16
59,34,83,2,3.4,3,0,0,0,1,0,16
48,22,114,1,2.4,3,0,0,0,1,0,16
63,37,132,1,4.4,2,0,0,0,1,0,16
65,39,94,4,4.1,1,120,0,1,1,1,16
56,30,140,4,0.5,1,292,0,0,0,0,16
58,28,122,1,3,3,115,0,0,1,0,16
49,23,140,1,1.9,3,0,0,0,0,1,16
64,39,122,4,0.2,1,378,0,0,1,0,16
45,20,191,3,2.6,3,123,0,0,0,0,16
62,38,195,4,5.2,3,522,0,1,1,1,16
50,26,179,1,2.9,3,0,0,0,0,1,16
65,41,105,1,3,2,282,1,1,1,0,16
57,32,124,1,0.2,2,0,0,0,1,0,16
56,31,192,1,7,3,0,0,1,1,0,16
57,33,182,2,3.3,3,372,0,0,0,0,16
45,20,180,3,8.5,2,535,0,0,0,0,16
54,30,100,4,3.4,3,0,0,0,0,0,16
62,37,125,1,1,3,0,0,0,1,0,16
58,34,90,1,3.6,2,0,0,0,0,0,16
50,25,99,1,4.6,1,368,1,1,0,1,16
49,24,130,4,1.1,1,281,0,1,1,0,16
51,25,163,2,1.3,3,0,0,0,1,0,16
62,37,169,3,5,2,184,0,1,1,1,16
55,29,131,2,0.7,2,0,0,0,0,1,16
56,31,131,2,1.2,3,0,0,0,0,0,16
63,38,83,2,3.4,1,0,0,0,0,0,16
26,0,129,3,0.7,2,0,0,0,0,0,17
46,20,103,4,4.8,3,0,0,0,1,0,17
33,6,168,3,5.67,2,0,1,1,1,0,17
31,5,184,4,3.4,2,0,0,1,1,1,17
26,0,164,2,4,3,301,0,0,1,0,17
43,19,121,1,0.7,2,0,0,1,1,1,17
35,11,180,1,3.6,3,571,0,1,1,1,17
34,9,141,3,6.9,2,260,0,0,1,0,17
44,19,99,3,3.5,3,357,0,0,0,0,17
27,1,142,3,5.5,1,0,0,0,0,0,17
44,20,131,1,4.9,3,0,0,0,1,0,17
30,6,95,1,3.9,3,146,0,0,0,1,17
31,7,135,4,3.8,2,0,0,1,1,1,17
39,14,141,4,6.3,1,0,1,1,1,1,17
36,12,113,4,0.2,1,0,0,0,0,0,17
33,9,184,2,4.8,2,0,0,0,0,0,17
31,7,192,1,0,2,0,0,0,1,0,17
44,18,162,4,1.3,1,301,0,0,0,0,17
37,11,190,4,7.3,2,565,0,1,1,0,17
44,20,130,4,3.2,2,0,0,0,0,0,17
41,17,143,2,2.7,3,209,0,0,1,0,17
41,15,159,1,5.5,3,0,0,1,1,0,17
37,13,158,2,2.3,2,0,0,1,1,1,17
41,15,185,1,3.6,2,0,0,0,0,0,17
42,18,103,1,3.33,1,0,1,1,1,1,17
40,15,173,4,6.6,1,0,0,1,1,1,17
31,5,129,3,5.9,3,319,1,1,0,1,17
38,13,169,1,6.8,3,0,0,1,1,1,17
27,3,105,1,3,2,0,1,0,0,0,17
43,18,128,4,5.3,1,84,0,0,0,0,17
30,5,171,2,1.9,2,0,0,0,0,0,17
34,9,141,2,4.9,3,0,0,0,0,1,17
31,6,133,1,1.5,3,0,0,0,0,0,17
40,14,129,1,5.9,3,0,0,0,1,0,17
27,1,140,1,5.9,2,175,1,1,1,0,17
45,15,202,3,10,3,0,0,0,0,0,17
42,16,173,2,1.5,2,373,0,1,1,1,17
45,21,102,4,4.7,2,81,0,0,0,0,17
45,21,142,1,1.4,2,0,0,0,1,0,17
41,17,138,3,6.9,2,0,0,0,1,0,17
28,3,161,4,1.7,3,422,0,1,1,1,17
38,12,180,1,2.8,3,158,0,0,1,0,17
28,3,193,3,4,2,0,0,0,1,0,17
32,8,104,2,3.7,1,0,0,0,0,1,17
44,17,128,2,3.25,2,0,0,0,0,1,17
27,1,134,1,1.7,2,307,0,0,1,0,17
35,10,182,1,0.3,2,229,0,1,1,1,17
26,1,184,2,4.2,3,577,0,1,1,1,17
42,18,141,3,5,3,0,1,1,1,0,17
36,12,69,3,3.1,2,0,0,0,1,0,17
28,4,155,4,5.3,2,0,0,0,1,0,17
42,17,168,2,7.9,2,0,0,0,1,0,17
35,9,141,2,4.5,2,0,0,0,0,0,17
35,11,190,3,3.1,2,266,0,0,0,0,17
34,8,65,1,3,1,227,0,0,1,0,17
40,16,140,3,5.6,1,0,0,0,0,0,17
26,0,179,4,2.1,2,0,0,0,0,0,17
26,0,195,3,6.33,3,0,1,1,1,0,17
33,8,155,1,7.4,3,0,0,0,0,0,17
30,3,150,4,5,2,0,0,0,1,0,17
32,7,143,3,2.9,3,0,0,0,1,0,17
45,18,163,3,5.33,2,0,0,1,0,1,17
42,18,164,1,1.3,3,0,1,1,1,1,17
47,21,109,4,1.8,1,0,0,0,0,0,17
32,8,119,4,5,3,0,0,0,1,0,17
43,19,152,3,6.1,2,0,0,0,0,0,17
32,7,129,4,5.2,2,0,0,0,0,1,17
38,14,182,3,2.6,3,0,0,1,1,1,17
43,17,125,4,3.5,2,0,0,0,0,0,17
46,22,125,2,4.7,3,0,0,0,1,0,17
35,9,109,3,4,1,0,0,0,0,0,17
45,20,144,4,5.4,1,210,0,0,1,0,17
36,11,184,2,5.1,2,0,0,0,0,0,17
29,3,91,1,3.4,3,0,0,0,0,0,17
39,9,118,2,6,3,246,0,1,1,1,17
26,2,132,2,2.4,3,0,0,0,0,1,17
42,17,111,3,3,1,0,1,1,0,1,17
27,1,99,1,3,3,149,0,0,0,1,17
40,16,119,2,4.2,2,0,0,0,1,0,17
30,6,182,4,0.8,3,94,0,0,1,0,17
35,5,108,2,2.75,3,0,1,0,0,0,17
27,2,158,3,0.4,2,0,0,1,1,0,17
43,19,125,3,2.4,1,0,0,0,1,0,17
45,20,114,2,4.4,2,0,0,0,0,0,17
29,3,123,3,5.6,3,428,0,0,1,0,17
27,3,118,1,3.3,2,0,0,0,1,0,17
36,11,158,1,5.1,3,0,0,1,1,1,17
29,4,182,1,3.7,3,0,0,0,1,0,17
28,3,170,1,0.1,3,0,0,0,0,0,17
39,13,93,4,3.6,3,0,0,0,1,0,17
40,14,164,1,4.3,2,0,0,0,0,0,17
41,15,158,1,4.7,2,0,1,1,0,1,17
44,18,123,3,5.9,1,0,0,1,1,1,17
36,12,123,2,5.6,2,0,0,1,1,1,17
46,22,102,3,4.5,3,0,0,0,1,0,17
26,2,60,2,3,1,132,0,0,0,0,17
32,7,81,2,3.4,2,0,0,0,0,1,17
30,5,118,4,3,3,0,0,0,1,0,17
42,18,153,3,5.6,1,416,0,0,0,0,17
38,13,129,4,0.3,3,75,0,0,1,0,17
33,7,120,1,3.2,3,0,0,0,1,0,17
44,20,185,3,2.7,1,0,0,0,1,0,17
34,8,165,1,7,3,541,0,0,0,0,17
35,9,188,2,3.7,2,259,0,0,1,0,17
29,3,175,3,3.3,3,329,0,0,1,0,17
47,21,83,1,3.8,1,97,0,0,0,0,17
42,17,154,3,4.9,1,0,0,1,1,1,17
32,7,132,4,1.1,2,412,0,0,1,0,17
33,8,120,2,4.2,3,76,0,0,0,1,17
36,12,150,4,5.4,1,0,1,1,1,0,17
35,10,135,3,4.8,2,0,0,0,1,0,17
28,2,182,3,7.2,2,442,0,1,1,1,17
33,9,125,1,4.3,3,0,0,0,1,0,17
35,10,142,4,0.8,3,0,0,0,0,0,17
26,1,190,4,1.3,2,197,0,0,1,0,17
30,3,172,3,3.4,2,0,0,0,0,1,17
34,9,180,1,8.9,3,0,0,0,0,0,17
42,18,158,2,0.4,2,277,0,0,0,1,17
33,8,115,4,2.9,2,0,0,0,1,0,17
26,2,172,2,6.9,2,0,0,0,1,0,17
27,3,135,3,2.7,3,449,0,0,0,1,17
37,11,123,1,2.3,2,0,1,1,1,0,17
28,3,118,3,2.4,2,161,0,0,0,0,17
35,9,131,3,0.3,3,0,0,1,1,1,17
37,11,139,2,0.8,2,421,0,0,1,0,17
35,9,113,3,0.8,3,0,0,0,1,0,17
26,2,171,3,6,2,0,0,0,1,0,17
36,12,109,3,0.5,3,0,1,1,1,0,17
34,8,184,3,7.5,1,0,0,0,0,0,17
30,6,191,2,4.4,2,0,0,0,1,0,17
44,19,142,1,1.5,3,0,0,0,0,0,17
34,9,160,4,8,3,0,0,0,0,1,17
43,17,111,4,5.4,3,0,0,0,1,0,17
38,13,168,2,1.3,3,0,0,0,0,0,17
26,2,182,2,3.2,2,0,0,0,0,0,17
32,7,98,1,4.2,1,171,1,1,0,0,17
28,4,112,2,1.6,2,0,0,0,1,0,17
38,13,129,4,4.4,1,140,0,0,0,0,17
36,10,172,4,1,2,295,0,0,1,0,17
29,5,135,3,5.3,1,0,0,1,1,1,17
27,2,170,3,4.7,1,0,0,0,1,0,17
46,20,105,4,3.2,1,0,0,0,0,0,17
43,19,83,4,3.6,3,0,0,0,0,1,17
27,1,141,4,5.1,3,354,0,0,0,0,17
27,2,130,3,4.4,1,192,0,0,1,0,17
30,6,181,3,4.1,2,0,0,1,1,1,17
38,14,130,4,4.7,3,134,0,0,0,0,17
31,5,93,2,3.1,2,0,0,0,1,0,17
36,6,138,1,7,3,86,0,0,1,0,17
42,16,185,3,2.2,2,0,1,1,1,1,17
29,5,128,2,4.1,2,209,0,0,1,0,17
37,12,182,3,5.8,3,0,0,0,1,0,17
34,9,191,1,4.8,3,0,0,1,1,1,17
43,19,123,3,1.3,1,0,0,0,1,0,17
44,20,132,3,2.6,1,308,0,0,0,0,17
38,12,184,3,8,1,0,0,0,1,0,17
32,8,169,1,6.5,3,272,1,1,1,0,17
36,12,123,2,3,3,0,0,0,0,0,17
26,0,132,3,6.5,3,0,0,0,0,1,17
